ID;LON;LAT;NAME;CLASS;STATE;ANNUAL;JAN;FEB;MAR;APR;MAY;JUN;JUL;AUG;SEP;OCT;NOV;DEC
4463;-479.345;-250.149;Cananï¿½ï;Sede Municipal;SÃƒO PAUL;3943;5251;5216;4379;3759;3011;2585;2613;3267;3353;3768;4776;5336
4593;-485.049;-24.756;Barra do Turvo;Sede Municipal;SÃƒO PAUL;4056;5254;5204;4461;3765;3037;2620;2696;3545;3588;4149;4896;5459
4657;-49.005;-246.523;Ribeira;Sede Municipal;SÃƒO PAUL;4241;5423;5358;4668;3897;3096;2680;2764;3728;3866;4440;5268;5707
4666;-481.109;-247.278;Cajati;Sede Municipal;SÃƒO PAUL;4095;5408;5411;4523;3924;3116;2744;2743;3418;3525;3982;4858;5486
4667;-480.068;-246.968;Jacupiranga;Sede Municipal;SÃƒO PAUL;4075;5414;5388;4534;3875;3130;2699;2696;3365;3494;4003;4855;5447
4669;-478.809;-24.715;Pariquera-Aï¿½;Sede Municipal;SÃƒO PAUL;4063;5389;5410;4510;3873;3083;2667;2660;3320;3475;3959;4879;5534
4672;-47.555;-24.708;Iguape;Sede Municipal;SÃƒO PAUL;4110;5558;5549;4592;3933;3067;2616;2595;3259;3499;3971;5021;5658
4672;-475.401;-247.364;Ilha Comprida;Sede Municipal;SÃƒO PAUL;4110;5558;5549;4592;3933;3067;2616;2595;3259;3499;3971;5021;5658
4727;-491.688;-245.739;Itapirapuï¿½ï¿½ Paul;Sede Municipal;SÃƒO PAUL;4182;5227;5177;4569;3877;3093;2718;2788;3780;3829;4389;5175;5558
4730;-488.417;-246.397;Itaï¿½ï;Sede Municipal;SÃƒO PAUL;4129;5219;5219;4494;3840;3060;2686;2785;3702;3764;4277;5009;5496
4733;-485.929;-24.586;Iporanga;Sede Municipal;SÃƒO PAUL;4068;5271;5229;4495;3861;3085;2660;2711;3541;3598;4092;4845;5427
4800;-490.242;-244.727;Barra do Chapï¿½;Sede Municipal;SÃƒO PAUL;4215;5211;5162;4552;3906;3138;2815;2904;3881;3933;4465;5104;5510
4802;-488.447;-245.113;Apiaï¿;Sede Municipal;SÃƒO PAUL;4189;5205;5204;4471;3876;3127;2828;2922;3864;3897;4375;5008;5492
4809;-481.079;-24.52;Eldorado;Sede Municipal;SÃƒO PAUL;3932;5201;5158;4355;3806;3037;2662;2668;3362;3392;3751;4601;5191
4812;-478.453;-244.984;Registro;Sede Municipal;SÃƒO PAUL;4015;5365;5361;4452;3854;3056;2622;2624;3280;3440;3882;4790;5457
4886;-479.284;-243.825;Sete Barras;Sede Municipal;SÃƒO PAUL;3944;5225;5237;4361;3828;3016;2618;2624;3269;3406;3755;4665;5320
4951;-491.439;-24.318;Bom Sucesso de Itararï¿;Sede Municipal;SÃƒO PAUL;4450;5309;5357;4692;4102;3316;3018;3197;4206;4283;4732;5373;5819
4966;-47.635;-24.321;Juquiï¿;Sede Municipal;SÃƒO PAUL;3975;5160;5291;4400;3832;3035;2684;2683;3347;3443;3820;4675;5328
4968;-474.629;-242.771;Miracatu;Sede Municipal;SÃƒO PAUL;4050;5195;5354;4502;3887;3104;2735;2759;3450;3549;3883;4744;5438
4970;-47.233;-24.275;Pedro de Toledo;Sede Municipal;SÃƒO PAUL;4175;5331;5459;4608;4008;3207;2838;2883;3612;3654;4074;4870;5558
4971;-47.174;-24.289;Itariri;Sede Municipal;SÃƒO PAUL;4131;5244;5425;4570;3952;3191;2819;2855;3578;3611;4047;4797;5483
4972;-470.016;-243.125;Peruï¿½ï;Sede Municipal;SÃƒO PAUL;4050;5178;5311;4461;3934;3179;2800;2824;3494;3526;3871;4697;5324
5031;-48.764;-242.211;Ribeirï¿½ï¿½o Br;Sede Municipal;SÃƒO PAUL;4467;5467;5461;4728;4126;3319;3017;3192;4147;4201;4691;5378;5880
5033;-48.53;-241.897;Guapiara;Sede Municipal;SÃƒO PAUL;4374;5337;5388;4655;4066;3286;2983;3100;4055;4078;4548;5214;5771
5051;-46.786;-241.777;Itanhaï¿½;Sede Municipal;SÃƒO PAUL;4142;5383;5453;4570;4056;3211;2826;2854;3510;3566;3968;4888;5417
5102;-493.356;-241.089;Itararï¿;Sede Municipal;SÃƒO PAUL;4698;5566;5673;4988;4330;3465;3117;3362;4339;4525;5068;5758;6187
5106;-489.026;-241.228;Nova Campina;Sede Municipal;SÃƒO PAUL;4615;5548;5603;4928;4268;3427;3089;3275;4265;4414;4921;5594;6045
5112;-483.649;-24.099;Ribeirï¿½ï¿½o Gr;Sede Municipal;SÃƒO PAUL;4449;5479;5458;4731;4133;3315;3024;3160;4088;4150;4663;5338;5852
5129;-46.629;-24.087;Mongaguï¿;Sede Municipal;SÃƒO PAUL;3932;5090;5162;4296;3884;3136;2753;2791;3378;3365;3703;4540;5087
5196;-488.768;-239.793;Itapeva;Sede Municipal;SÃƒO PAUL;4630;5588;5602;4921;4293;3421;3112;3295;4265;4399;4961;5605;6096
5201;-483.489;-24.006;Capï¿½ï¿½o Bo;Sede Municipal;SÃƒO PAUL;4480;5425;5485;4775;4199;3356;3044;3201;4124;4187;4726;5362;5879
5209;-475.067;-239.616;Tapiraï¿;Sede Municipal;SÃƒO PAUL;4115;4867;5226;4425;3880;3141;2942;2997;3796;3744;4149;4802;5407
5220;-464.125;-240.089;Praia Grande;Sede Municipal;SÃƒO PAUL;3910;4936;5099;4289;3827;3153;2791;2799;3436;3392;3766;4450;4987
5221;-463.354;-23.954;Santos;Sede Municipal;SÃƒO PAUL;4142;5311;5443;4579;4028;3260;2885;2905;3583;3560;3983;4838;5328
5221;-463.887;-239.578;Sï¿½ï¿½o Vic;Sede Municipal;SÃƒO PAUL;4142;5311;5443;4579;4028;3260;2885;2905;3583;3560;3983;4838;5328
5222;-462.584;-239.893;Guarujï¿;Sede Municipal;SÃƒO PAUL;4183;5449;5493;4619;4034;3272;2879;2914;3595;3591;4032;4873;5449
5288;-491.404;-238.643;Itaberï¿;Sede Municipal;SÃƒO PAUL;4728;5692;5712;5022;4393;3478;3158;3361;4345;4518;5103;5744;6211
5293;-486.952;-239.216;Taquarivaï¿;Sede Municipal;SÃƒO PAUL;4562;5493;5517;4847;4267;3407;3087;3259;4223;4341;4857;5462;5987
5300;-47.994;-238.787;Sï¿½ï¿½o Miguel Arc;Sede Municipal;SÃƒO PAUL;4513;5407;5529;4765;4241;3393;3148;3226;4145;4223;4751;5424;5907
5309;-470.657;-239.249;Juquitiba;Sede Municipal;SÃƒO PAUL;4207;4972;5275;4477;3981;3290;3044;3094;3957;3919;4257;4833;5387
5315;-464.244;-238.916;Cubatï¿½;Sede Municipal;SÃƒO PAUL;3865;4816;5034;4196;3778;3143;2823;2861;3507;3395;3709;4218;4900
5384;-494.294;-238.295;Riversul;Sede Municipal;SÃƒO PAUL;4787;5726;5782;5132;4461;3541;3145;3366;4378;4584;5169;5876;6284
5393;-485.962;-237.982;Buri;Sede Municipal;SÃƒO PAUL;4592;5508;5579;4879;4296;3405;3116;3298;4227;4376;4907;5510;5998
5401;-477.226;-238.082;Pilar do Sul;Sede Municipal;SÃƒO PAUL;4667;5415;5611;4912;4388;3497;3288;3370;4302;4472;5029;5614;6102
5409;-469.436;-238.496;Sï¿½ï¿½o Lourenï¿½ï¿½o ;Sede Municipal;SÃƒO PAUL;4259;5028;5300;4493;4051;3292;3089;3140;4067;4001;4360;4880;5408
5410;-46.814;-238.302;Embu-Guaï¿½;Sede Municipal;SÃƒO PAUL;4271;5144;5351;4538;4057;3290;3060;3145;4034;3978;4330;4878;5445
5417;-46.14;-23.849;Bertioga;Sede Municipal;SÃƒO PAUL;3970;4878;5134;4228;3803;3180;2885;2967;3680;3591;3946;4353;4996
5424;-454.147;-237.955;Sï¿½ï¿½o Sebast;Sede Municipal;SÃƒO PAUL;4214;5499;5627;4562;4098;3307;2950;3052;3756;3630;4132;4644;5305
5425;-453.556;-23.779;Ilhabela;Sede Municipal;SÃƒO PAUL;4387;5680;5832;4730;4230;3373;3021;3112;3893;3855;4434;4934;5553
5489;-494.823;-237.047;Itaporanga;Sede Municipal;SÃƒO PAUL;4797;5724;5813;5128;4480;3536;3171;3379;4396;4589;5207;5841;6307
5509;-47.426;-237.144;Piedade;Sede Municipal;SÃƒO PAUL;4715;5434;5646;4990;4390;3570;3336;3413;4398;4593;5114;5624;6075
5511;-472.234;-236.601;Ibiï¿½ï;Sede Municipal;SÃƒO PAUL;4550;5263;5548;4809;4277;3480;3225;3308;4281;4353;4874;5354;5829
5515;-468.576;-237.166;Itapecerica da Serra;Sede Municipal;SÃƒO PAUL;4397;5238;5490;4676;4162;3348;3108;3191;4134;4119;4574;5082;5648
5517;-466.209;-236.818;Diadema;Sede Municipal;SÃƒO PAUL;4379;5251;5428;4636;4138;3358;3091;3201;4070;4093;4545;5101;5636
5518;-465.436;-236.742;Santo Andrï¿;Sede Municipal;SÃƒO PAUL;4333;5105;5404;4598;4075;3338;3077;3180;4035;4084;4515;5012;5571
5518;-46.565;-236.919;Sï¿½ï¿½o Bernardo do C;Sede Municipal;SÃƒO PAUL;4333;5105;5404;4598;4075;3338;3077;3180;4035;4084;4515;5012;5571
5519;-464.062;-237.071;Ribeirï¿½ï¿½o P;Sede Municipal;SÃƒO PAUL;4279;5030;5397;4549;4026;3303;3030;3144;3969;4013;4453;4928;5506
5519;-464.617;-236.682;Mauï¿;Sede Municipal;SÃƒO PAUL;4279;5030;5397;4549;4026;3303;3030;3144;3969;4013;4453;4928;5506
5520;-463.975;-237.442;Rio Grande da Serra;Sede Municipal;SÃƒO PAUL;4251;5061;5388;4539;3983;3269;2994;3110;3958;3971;4422;4843;5475
5593;-495.638;-236.289;Barï¿½ï¿½o de Anto;Sede Municipal;SÃƒO PAUL;4845;5819;5888;5224;4541;3540;3190;3406;4411;4592;5257;5900;6371
5595;-493.139;-23.631;Coronel Macedo;Sede Municipal;SÃƒO PAUL;4786;5709;5761;5124;4476;3552;3204;3407;4396;4574;5198;5808;6224
5604;-484.769;-23.592;Campina do Monte Alegre;Sede Municipal;SÃƒO PAUL;4674;5487;5675;4971;4364;3461;3215;3333;4325;4509;5050;5614;6086
5608;-480.487;-235.891;Itapetininga;Sede Municipal;SÃƒO PAUL;4671;5405;5635;4914;4381;3516;3271;3401;4371;4533;5048;5540;6032
5610;-478.984;-235.508;Alambari;Sede Municipal;SÃƒO PAUL;4728;5474;5688;4997;4454;3573;3324;3423;4421;4564;5127;5643;6051
5610;-478.253;-236.402;Sarapuï¿;Sede Municipal;SÃƒO PAUL;4728;5474;5688;4997;4454;3573;3324;3423;4421;4564;5127;5643;6051
5613;-475.747;-236.479;Salto de Pirapora;Sede Municipal;SÃƒO PAUL;4731;5485;5695;4997;4429;3567;3329;3440;4438;4586;5136;5614;6058
5618;-470.224;-235.998;Vargem Grande Paulista;Sede Municipal;SÃƒO PAUL;4548;5286;5552;4841;4272;3470;3254;3325;4314;4358;4822;5291;5787
5619;-469.194;-236.027;Cotia;Sede Municipal;SÃƒO PAUL;4508;5338;5547;4799;4228;3441;3193;3276;4248;4255;4769;5235;5764
5620;-468.583;-236.442;Embu das Artes;Sede Municipal;SÃƒO PAUL;4499;5330;5558;4767;4219;3432;3165;3259;4220;4248;4766;5242;5775
5621;-467.534;-236.028;Taboï¿½ï¿½o da S;Sede Municipal;SÃƒO PAUL;4476;5280;5522;4730;4186;3429;3167;3256;4201;4226;4744;5215;5758
5623;-465.552;-236.233;Sï¿½ï¿½o Caetano do;Sede Municipal;SÃƒO PAUL;4419;5185;5438;4672;4135;3395;3157;3255;4161;4178;4688;5107;5652
5628;-460.411;-235.703;Biritiba-Mirim;Sede Municipal;SÃƒO PAUL;4422;5328;5641;4685;4159;3360;3073;3216;4096;4120;4679;5054;5655
5634;-454.129;-23.613;Caraguatatuba;Sede Municipal;SÃƒO PAUL;4232;5316;5588;4599;4070;3325;3013;3097;3839;3762;4249;4591;5333
5700;-494.089;-23.452;Taguaï¿;Sede Municipal;SÃƒO PAUL;4841;5756;5840;5192;4515;3585;3252;3450;4430;4606;5264;5895;6306
5702;-492.439;-23.533;Taquarituba;Sede Municipal;SÃƒO PAUL;4741;5619;5680;5026;4428;3539;3209;3406;4389;4555;5189;5762;6094
5710;-484.143;-234.922;Angatuba;Sede Municipal;SÃƒO PAUL;4694;5451;5624;4993;4420;3512;3266;3369;4384;4539;5059;5645;6068
5717;-477.392;-234.689;Capela do Alto;Sede Municipal;SÃƒO PAUL;4772;5510;5725;5053;4451;3582;3356;3466;4444;4615;5221;5687;6157
5718;-47.617;-235.034;Araï¿½ï¿½oiaba da S;Sede Municipal;SÃƒO PAUL;4756;5500;5726;5039;4440;3604;3358;3453;4456;4609;5171;5629;6085
5720;-474.455;-234.974;Sorocaba;Sede Municipal;SÃƒO PAUL;4758;5532;5731;4969;4429;3616;3362;3463;4442;4628;5213;5610;6108
5720;-474.392;-235.451;Votorantim;Sede Municipal;SÃƒO PAUL;4758;5532;5731;4969;4429;3616;3362;3463;4442;4628;5213;5610;6108
5722;-47.255;-23.531;Alumï¿½ï¿;Sede Municipal;SÃƒO PAUL;4768;5505;5740;5036;4443;3634;3373;3481;4480;4605;5174;5643;6096
5723;-471.361;-235.231;Sï¿½ï¿½o R;Sede Municipal;SÃƒO PAUL;4706;5439;5686;4991;4410;3591;3346;3434;4443;4540;5069;5516;6002
5723;-471.854;-235.403;Mairinque;Sede Municipal;SÃƒO PAUL;4706;5439;5686;4991;4410;3591;3346;3434;4443;4540;5069;5516;6002
5725;-469.027;-23.528;Jandira;Sede Municipal;SÃƒO PAUL;4558;5314;5556;4803;4294;3518;3244;3331;4310;4345;4885;5303;5799
5725;-469.331;-235.493;Itapevi;Sede Municipal;SÃƒO PAUL;4558;5314;5556;4803;4294;3518;3244;3331;4310;4345;4885;5303;5799
5726;-468.411;-235.239;Carapicuï¿½ï;Sede Municipal;SÃƒO PAUL;4525;5274;5565;4769;4246;3481;3203;3310;4277;4311;4810;5254;5794
5726;-468.794;-235.062;Barueri;Sede Municipal;SÃƒO PAUL;4525;5274;5565;4769;4246;3481;3203;3310;4277;4311;4810;5254;5794
5727;-46.792;-235.329;Osasco;Sede Municipal;SÃƒO PAUL;4492;5247;5529;4727;4205;3458;3194;3288;4255;4261;4773;5194;5767
5728;-466.403;-235.339;Sï¿½ï¿½o P;Capital Estadual;SÃƒO PAUL;4450;5222;5479;4704;4142;3422;3172;3244;4196;4237;4762;5135;5691
5729;-465.337;-234.542;Guarulhos;Sede Municipal;SÃƒO PAUL;4436;5196;5509;4689;4144;3402;3174;3263;4197;4202;4723;5084;5646
5731;-463.116;-235.453;Suzano;Sede Municipal;SÃƒO PAUL;4420;5290;5504;4643;4116;3346;3109;3229;4105;4203;4722;5113;5661
5731;-463.461;-23.484;Itaquaquecetuba;Sede Municipal;SÃƒO PAUL;4420;5290;5504;4643;4116;3346;3109;3229;4105;4203;4722;5113;5661
5731;-463.477;-235.338;Poï¿;Sede Municipal;SÃƒO PAUL;4420;5290;5504;4643;4116;3346;3109;3229;4105;4203;4722;5113;5661
5731;-463.714;-235.415;Ferraz de Vasconcelos;Sede Municipal;SÃƒO PAUL;4420;5290;5504;4643;4116;3346;3109;3229;4105;4203;4722;5113;5661
5733;-461.858;-235.213;Mogi das Cruzes;Sede Municipal;SÃƒO PAUL;4425;5297;5579;4724;4113;3334;3070;3197;4119;4167;4744;5096;5661
5736;-458.469;-235.293;Salesï¿½ï¿½p;Sede Municipal;SÃƒO PAUL;4575;5483;5739;4830;4285;3430;3212;3302;4229;4302;4957;5291;5841
5805;-495.128;-233.921;Fartura;Sede Municipal;SÃƒO PAUL;4889;5831;5907;5253;4555;3610;3249;3479;4449;4616;5326;5950;6442
5810;-490.924;-234.218;Itaï¿;Sede Municipal;SÃƒO PAUL;4803;5614;5785;5125;4514;3583;3268;3447;4432;4589;5266;5837;6177
5813;-487.218;-233.867;Paranapanema;Sede Municipal;SÃƒO PAUL;4781;5597;5786;5112;4462;3546;3246;3426;4398;4545;5227;5821;6205
5819;-481.841;-233.718;Guareï¿;Sede Municipal;SÃƒO PAUL;4730;5423;5675;5008;4456;3596;3350;3437;4446;4601;5157;5613;6004
5824;-476.931;-233.518;Iperï¿;Sede Municipal;SÃƒO PAUL;4806;5553;5787;5087;4515;3652;3393;3490;4499;4668;5246;5655;6123
5830;-469.995;-23.397;Pirapora do Bom Jesus;Sede Municipal;SÃƒO PAUL;4707;5410;5690;4987;4434;3620;3334;3451;4454;4529;5069;5505;6005
5830;-470.612;-234.371;Araï¿½ï¿½arig;Sede Municipal;SÃƒO PAUL;4707;5410;5690;4987;4434;3620;3334;3451;4454;4529;5069;5505;6005
5831;-469.226;-23.443;Santana de Parnaï¿½ï;Sede Municipal;SÃƒO PAUL;4581;5284;5562;4811;4313;3541;3285;3375;4376;4386;4909;5302;5827
5832;-468.785;-233.555;Cajamar;Sede Municipal;SÃƒO PAUL;4546;5271;5554;4781;4287;3510;3269;3361;4337;4339;4852;5222;5765
5833;-467.401;-233.612;Caieiras;Sede Municipal;SÃƒO PAUL;4570;5312;5603;4790;4309;3521;3278;3356;4338;4376;4885;5263;5812
5837;-463.204;-23.397;Arujï¿;Sede Municipal;SÃƒO PAUL;4398;5163;5461;4660;4131;3365;3138;3220;4166;4196;4689;4989;5593
5840;-460.373;-234.117;Guararema;Sede Municipal;SÃƒO PAUL;4515;5345;5667;4800;4227;3389;3087;3243;4193;4300;4908;5208;5808
5842;-458.879;-233.938;Santa Branca;Sede Municipal;SÃƒO PAUL;4609;5473;5746;4864;4336;3463;3220;3322;4254;4360;5057;5342;5875
5844;-456.643;-233.877;Paraibuna;Sede Municipal;SÃƒO PAUL;4660;5675;5882;4903;4388;3499;3253;3341;4279;4360;5043;5348;5946
5846;-454.472;-233.711;Natividade da Serra;Sede Municipal;SÃƒO PAUL;4605;5664;5812;4852;4343;3524;3260;3361;4261;4312;4915;5138;5819
5850;-450.838;-234.336;Ubatuba;Sede Municipal;SÃƒO PAUL;4028;4904;5256;4275;3938;3269;3035;3076;3791;3676;4000;4203;4914
5917;-494.799;-23.273;Sarutaiï¿;Sede Municipal;SÃƒO PAUL;4842;5638;5735;5132;4537;3626;3332;3551;4523;4652;5303;5858;6215
5918;-493.759;-23.343;Tejupï¿;Sede Municipal;SÃƒO PAUL;4818;5596;5749;5105;4509;3589;3302;3503;4493;4626;5283;5848;6213
5931;-480.551;-232.998;Quadra;Sede Municipal;SÃƒO PAUL;4808;5529;5780;5054;4530;3631;3399;3502;4511;4678;5262;5721;6095
5933;-478.465;-233.492;Tatuï¿;Sede Municipal;SÃƒO PAUL;4817;5549;5769;5085;4526;3657;3420;3510;4523;4690;5269;5704;6102
5935;-47.679;-23.286;Boituva;Sede Municipal;SÃƒO PAUL;4837;5589;5814;5101;4534;3689;3422;3542;4526;4701;5280;5721;6124
5939;-472.931;-232.549;Itu;Sede Municipal;SÃƒO PAUL;4841;5562;5802;5087;4563;3708;3406;3558;4524;4705;5307;5731;6143
5940;-471.367;-233.058;Cabreï¿½ï;Sede Municipal;SÃƒO PAUL;4821;5507;5751;5057;4555;3709;3399;3545;4540;4697;5299;5682;6113
5944;-467.452;-232.797;Francisco Morato;Sede Municipal;SÃƒO PAUL;4665;5377;5672;4892;4367;3595;3353;3457;4447;4502;5051;5388;5882
5944;-467.294;-233.234;Franco da Rocha;Sede Municipal;SÃƒO PAUL;4665;5377;5672;4892;4367;3595;3353;3457;4447;4502;5051;5388;5882
5946;-465.901;-233.176;Mairiporï¿;Sede Municipal;SÃƒO PAUL;4628;5301;5627;4875;4350;3564;3356;3446;4443;4480;5003;5260;5830
5949;-462.241;-233.177;Santa Isabel;Sede Municipal;SÃƒO PAUL;4462;5248;5578;4739;4190;3383;3167;3230;4223;4245;4792;5059;5689
5952;-459.662;-232.988;Jacareï¿;Sede Municipal;SÃƒO PAUL;4543;5378;5657;4809;4264;3403;3144;3273;4228;4330;4983;5236;5809
5955;-456.946;-232.527;Jambeiro;Sede Municipal;SÃƒO PAUL;4651;5600;5819;4888;4371;3519;3285;3383;4311;4396;5054;5303;5883
5956;-455.426;-232.642;Redenï¿½ï¿½ï¿½ï¿½o ;Sede Municipal;SÃƒO PAUL;4637;5609;5838;4859;4362;3534;3278;3395;4320;4387;4999;5226;5842
6026;-496.069;-23.205;Timburi;Sede Municipal;SÃƒO PAUL;4889;5698;5820;5208;4609;3650;3335;3546;4534;4664;5351;5921;6332
6029;-493.808;-231.985;Piraju;Sede Municipal;SÃƒO PAUL;4848;5648;5743;5144;4535;3610;3326;3516;4499;4653;5312;5904;6283
6041;-481.199;-231.766;Porangaba;Sede Municipal;SÃƒO PAUL;4821;5609;5775;5055;4525;3649;3391;3537;4526;4691;5260;5733;6101
6041;-481.959;-232.466;Torre de Pedra;Sede Municipal;SÃƒO PAUL;4821;5609;5775;5055;4525;3649;3391;3537;4526;4691;5260;5733;6101
6043;-479.549;-232.265;Cesï¿½ï¿½rio L;Sede Municipal;SÃƒO PAUL;4856;5585;5797;5132;4573;3680;3441;3540;4564;4736;5337;5753;6133
6045;-477.463;-23.167;Cerquilho;Sede Municipal;SÃƒO PAUL;4866;5638;5822;5127;4572;3697;3449;3566;4532;4723;5345;5751;6167
6047;-475.255;-232.098;Porto Feliz;Sede Municipal;SÃƒO PAUL;4864;5598;5865;5134;4524;3737;3435;3554;4549;4710;5355;5739;6165
6050;-472.935;-232.001;Salto;Sede Municipal;SÃƒO PAUL;4854;5584;5806;5091;4562;3724;3424;3586;4545;4715;5326;5725;6162
6052;-470.597;-231.531;Itupeva;Sede Municipal;SÃƒO PAUL;4843;5481;5766;5061;4551;3724;3456;3602;4581;4731;5363;5683;6121
6054;-468.978;-231.857;Jundiaï¿;Sede Municipal;SÃƒO PAUL;4785;5481;5713;5023;4457;3672;3421;3553;4526;4675;5292;5599;6010
6054;-468.238;-232.141;Vï¿½ï¿½rzea Paul;Sede Municipal;SÃƒO PAUL;4785;5481;5713;5023;4457;3672;3421;3553;4526;4675;5292;5599;6010
6055;-467.893;-232.083;Campo Limpo Paulista;Sede Municipal;SÃƒO PAUL;4752;5440;5739;4963;4438;3666;3412;3544;4542;4624;5214;5500;5948
6059;-463.987;-231.752;Nazarï¿½ï¿½ Paul;Sede Municipal;SÃƒO PAUL;4626;5387;5703;4847;4328;3553;3305;3396;4406;4441;5005;5265;5876
6061;-461.574;-232.041;Igaratï¿;Sede Municipal;SÃƒO PAUL;4469;5238;5516;4738;4242;3387;3167;3243;4248;4279;4828;5086;5659
6064;-458.845;-23.19;Sï¿½ï¿½o Josï¿½ï¿½ do;Sede Municipal;SÃƒO PAUL;4570;5391;5655;4821;4271;3431;3215;3344;4299;4388;4993;5230;5797
6069;-453.094;-23.221;Sï¿½ï¿½o Luï¿½ï¿½z do Pa;Sede Municipal;SÃƒO PAUL;4714;5717;5840;4920;4423;3585;3383;3470;4397;4495;5108;5306;5923
6142;-496.259;-23.057;Ipaussu;Sede Municipal;SÃƒO PAUL;4899;5640;5802;5233;4663;3680;3381;3577;4567;4687;5381;5892;6286
6148;-490.539;-23.134;Arandu;Sede Municipal;SÃƒO PAUL;4826;5537;5673;5039;4555;3671;3388;3551;4559;4718;5298;5790;6137
6149;-489.255;-231.072;Avarï¿;Sede Municipal;SÃƒO PAUL;4823;5527;5671;5042;4541;3654;3418;3539;4569;4736;5301;5786;6091
6152;-486.161;-231.052;Itatinga;Sede Municipal;SÃƒO PAUL;4780;5436;5613;5016;4546;3641;3397;3536;4566;4691;5238;5696;5985
6155;-483.739;-23.081;Pardinho;Sede Municipal;SÃƒO PAUL;4759;5398;5600;4931;4505;3648;3427;3547;4527;4686;5247;5619;5970
6156;-48.258;-23.102;Bofete;Sede Municipal;SÃƒO PAUL;4800;5491;5706;5015;4566;3661;3447;3554;4530;4680;5237;5678;6033
6159;-479.724;-230.808;Pereiras;Sede Municipal;SÃƒO PAUL;4888;5628;5842;5160;4620;3704;3468;3584;4580;4753;5349;5786;6179
6160;-47.838;-23.051;Laranjal Paulista;Sede Municipal;SÃƒO PAUL;4880;5629;5836;5108;4621;3698;3455;3587;4576;4740;5386;5756;6175
6161;-477.168;-231.106;Tietï¿;Sede Municipal;SÃƒO PAUL;4899;5620;5886;5169;4620;3740;3476;3585;4568;4753;5390;5800;6179
6161;-477.872;-230.888;Jumirim;Sede Municipal;SÃƒO PAUL;4899;5620;5886;5169;4620;3740;3476;3585;4568;4753;5390;5800;6179
6166;-472.105;-230.821;Indaiatuba;Sede Municipal;SÃƒO PAUL;4884;5681;5828;5090;4601;3713;3456;3625;4560;4755;5394;5703;6209
6169;-469.488;-23.086;Louveira;Sede Municipal;SÃƒO PAUL;4868;5541;5781;5055;4563;3755;3499;3652;4602;4757;5417;5699;6100
6171;-467.284;-231.043;Jarinu;Sede Municipal;SÃƒO PAUL;4823;5524;5770;5057;4517;3731;3456;3607;4572;4698;5321;5580;6045
6173;-465.567;-231.175;Atibaia;Sede Municipal;SÃƒO PAUL;4782;5452;5712;4989;4496;3692;3456;3567;4562;4676;5253;5506;6027
6174;-464.679;-231.361;Bom Jesus dos Perdï¿½ï;Sede Municipal;SÃƒO PAUL;4751;5396;5726;4938;4493;3675;3416;3529;4533;4604;5221;5467;6019
6175;-463.598;-23.053;Piracaia;Sede Municipal;SÃƒO PAUL;4712;5340;5719;4890;4423;3668;3385;3487;4522;4568;5154;5416;5970
6181;-45.708;-230.997;Caï¿½ï¿½a;Sede Municipal;SÃƒO PAUL;4615;5371;5636;4898;4396;3544;3315;3428;4377;4463;4999;5216;5738
6187;-451.948;-230.851;Lagoinha;Sede Municipal;SÃƒO PAUL;4678;5518;5734;4829;4410;3638;3428;3537;4455;4528;5088;5202;5768
6189;-449.579;-230.736;Cunha;Sede Municipal;SÃƒO PAUL;4772;5766;5829;4956;4506;3662;3457;3568;4463;4613;5206;5309;5926
6264;-498.701;-229.802;Ourinhos;Sede Municipal;SÃƒO PAUL;4924;5674;5800;5203;4663;3712;3423;3619;4617;4716;5398;5913;6349
6265;-49.71;-230.371;Chavantes;Sede Municipal;SÃƒO PAUL;4926;5659;5804;5203;4702;3727;3429;3631;4637;4730;5397;5905;6295
6265;-497.829;-23.006;Canitar;Sede Municipal;SÃƒO PAUL;4926;5659;5804;5203;4702;3727;3429;3631;4637;4730;5397;5905;6295
6268;-494.739;-23.013;Bernardino de Campos;Sede Municipal;SÃƒO PAUL;4916;5635;5776;5163;4654;3741;3427;3642;4637;4729;5391;5887;6308
6269;-493.206;-23.006;Manduri;Sede Municipal;SÃƒO PAUL;4882;5555;5750;5145;4638;3707;3417;3623;4611;4698;5368;5853;6222
6271;-491.659;-23.036;Cerqueira Cï¿½ï¿;Sede Municipal;SÃƒO PAUL;4869;5537;5724;5093;4610;3685;3444;3625;4608;4737;5360;5829;6173
6282;-480.138;-230.159;Conchas;Sede Municipal;SÃƒO PAUL;4895;5631;5823;5179;4634;3723;3456;3602;4598;4755;5348;5801;6190
6287;-475.076;-229.956;Capivari;Sede Municipal;SÃƒO PAUL;4891;5630;5868;5116;4593;3771;3483;3623;4586;4755;5419;5716;6135
6287;-475.322;-23.011;Rafard;Sede Municipal;SÃƒO PAUL;4891;5630;5868;5116;4593;3771;3483;3623;4586;4755;5419;5716;6135
6289;-473.686;-230.433;Elias Fausto;Sede Municipal;SÃƒO PAUL;4914;5722;5820;5112;4654;3776;3505;3651;4613;4783;5426;5736;6172
6293;-469.837;-230.307;Vinhedo;Sede Municipal;SÃƒO PAUL;4881;5519;5749;5071;4592;3762;3528;3684;4615;4804;5447;5709;6091
6293;-469.978;-229.703;Valinhos;Sede Municipal;SÃƒO PAUL;4881;5519;5749;5071;4592;3762;3528;3684;4615;4804;5447;5709;6091
6294;-468.468;-23.004;Itatiba;Sede Municipal;SÃƒO PAUL;4877;5521;5808;5067;4610;3774;3514;3670;4623;4779;5389;5676;6091
6297;-465.423;-229.532;Braganï¿½ï¿½a Paul;Sede Municipal;SÃƒO PAUL;4807;5409;5707;4972;4530;3721;3454;3621;4616;4736;5303;5576;6034
6304;-458.411;-229.549;Monteiro Lobato;Sede Municipal;SÃƒO PAUL;4438;4995;5319;4573;4221;3542;3350;3432;4408;4385;4775;4891;5359
6307;-455.479;-229.576;Tremembï¿;Sede Municipal;SÃƒO PAUL;4640;5383;5676;4833;4406;3583;3326;3446;4406;4525;5066;5247;5781
6307;-455.597;-230.109;Taubatï¿;Sede Municipal;SÃƒO PAUL;4640;5383;5676;4833;4406;3583;3326;3446;4406;4525;5066;5247;5781
6389;-507.312;-229.039;Florï¿½ï¿;Sede Municipal;SÃƒO PAUL;4988;6012;5908;5287;4708;3765;3429;3615;4562;4687;5391;6035;6461
6397;-499.836;-228.899;Salto Grande;Sede Municipal;SÃƒO PAUL;4924;5705;5811;5151;4674;3733;3440;3647;4591;4709;5392;5864;6371
6400;-496.359;-228.992;Santa Cruz do Rio Pardo;Sede Municipal;SÃƒO PAUL;4925;5671;5799;5163;4676;3723;3459;3651;4641;4730;5429;5867;6295
6403;-493.423;-229.439;ýýleo;Sede Municipal;SÃƒO PAUL;4891;5565;5753;5146;4645;3728;3446;3641;4631;4695;5384;5850;6208
6404;-492.425;-228.817;ýýguas de Santa Býýrbara;Sede Municipal;SÃƒO PAUL;4893;5559;5751;5135;4648;3712;3466;3650;4635;4711;5387;5875;6181
6405;-491.629;-22.871;Iaras;Sede Municipal;SÃƒO PAUL;4879;5512;5726;5101;4642;3703;3461;3658;4654;4742;5366;5830;6155
6412;-484.441;-228.842;Botucatu;Sede Municipal;SÃƒO PAUL;4893;5499;5810;5126;4625;3747;3490;3653;4638;4801;5417;5812;6102
6421;-475.594;-22.929;Mombuca;Sede Municipal;SÃƒO PAUL;4900;5680;5845;5126;4584;3785;3483;3671;4619;4776;5425;5684;6118
6423;-473.126;-229.455;Monte Mor;Sede Municipal;SÃƒO PAUL;4930;5711;5819;5142;4667;3804;3524;3679;4634;4817;5462;5749;6152
6424;-472.147;-228.533;Hortolï¿½ï¿½;Sede Municipal;SÃƒO PAUL;4933;5658;5768;5123;4666;3791;3551;3697;4660;4835;5488;5765;6192
6426;-470.664;-229.058;Campinas;Sede Municipal;SÃƒO PAUL;4902;5604;5753;5085;4615;3793;3535;3705;4612;4836;5484;5678;6121
6429;-46.79;-228.815;Morungaba;Sede Municipal;SÃƒO PAUL;4864;5451;5783;5036;4604;3795;3500;3670;4654;4799;5393;5627;6058
6432;-464.128;-228.875;Vargem;Sede Municipal;SÃƒO PAUL;4822;5358;5667;4948;4606;3764;3507;3666;4639;4789;5354;5589;5974
6434;-462.745;-229.275;Joanï¿½ï¿½p;Sede Municipal;SÃƒO PAUL;4718;5211;5485;4777;4482;3741;3497;3644;4628;4761;5287;5368;5740
6442;-454.617;-229.251;Pindamonhangaba;Sede Municipal;SÃƒO PAUL;4592;5397;5525;4740;4332;3581;3383;3477;4436;4515;4988;5102;5624
6443;-453.074;-228.943;Roseira;Sede Municipal;SÃƒO PAUL;4682;5509;5699;4880;4422;3621;3397;3490;4463;4601;5113;5212;5784
6527;-507.939;-22.815;Pedrinhas Paulista;Sede Municipal;SÃƒO PAUL;4967;5950;5809;5225;4687;3781;3437;3646;4572;4710;5389;5977;6422
6532;-502.184;-227.863;Palmital;Sede Municipal;SÃƒO PAUL;4934;5744;5800;5158;4665;3759;3469;3675;4594;4763;5371;5905;6313
6534;-500.729;-22.818;Ibirarema;Sede Municipal;SÃƒO PAUL;4927;5658;5785;5143;4687;3758;3460;3674;4612;4751;5410;5882;6304
6535;-499.339;-22.784;Ribeirï¿½ï¿½o do;Sede Municipal;SÃƒO PAUL;4923;5667;5787;5120;4672;3763;3457;3678;4609;4719;5406;5881;6320
6548;-48.664;-228.117;Pratï¿½ï¿;Sede Municipal;SÃƒO PAUL;4919;5590;5757;5131;4612;3779;3525;3701;4692;4791;5452;5830;6163
6553;-48.127;-22.789;Anhembi;Sede Municipal;SÃƒO PAUL;4941;5672;5919;5219;4608;3752;3494;3614;4594;4780;5463;5908;6268
6558;-476.051;-228.422;Rio das Pedras;Sede Municipal;SÃƒO PAUL;4912;5644;5815;5125;4614;3804;3527;3697;4632;4808;5433;5731;6110
6558;-476.758;-228.446;Saltinho;Sede Municipal;SÃƒO PAUL;4912;5644;5815;5125;4614;3804;3527;3697;4632;4808;5433;5731;6110
6560;-474.147;-227.557;Santa Bï¿½ï¿½rbara d'O;Sede Municipal;SÃƒO PAUL;4923;5668;5831;5146;4623;3802;3537;3688;4623;4826;5461;5703;6168
6562;-472.732;-228.209;Sumarï¿;Sede Municipal;SÃƒO PAUL;4929;5641;5781;5157;4638;3793;3557;3703;4661;4844;5475;5734;6165
6562;-472.945;-227.837;Nova Odessa;Sede Municipal;SÃƒO PAUL;4929;5641;5781;5157;4638;3793;3557;3703;4661;4844;5475;5734;6165
6563;-471.492;-227.547;Paulï¿½ï¿;Sede Municipal;SÃƒO PAUL;4936;5623;5814;5152;4658;3804;3571;3728;4644;4855;5477;5728;6185
6568;-466.941;-228.198;Tuiuti;Sede Municipal;SÃƒO PAUL;4878;5418;5753;5016;4572;3833;3554;3734;4690;4886;5435;5618;6027
6569;-465.901;-227.816;Pinhalzinho;Sede Municipal;SÃƒO PAUL;4856;5385;5679;4983;4582;3815;3541;3719;4668;4863;5426;5617;5990
6570;-464.459;-227.907;Pedra Bela;Sede Municipal;SÃƒO PAUL;4816;5322;5609;4912;4554;3798;3540;3715;4675;4853;5394;5536;5882
6578;-456.634;-228.275;Santo Antï¿½ï¿½nio do Pi;Sede Municipal;SÃƒO PAUL;4693;5231;5576;4772;4422;3719;3502;3664;4620;4703;5192;5196;5723
6582;-452.329;-22.85;Aparecida;Sede Municipal;SÃƒO PAUL;4628;5364;5624;4809;4381;3611;3386;3513;4478;4594;5033;5082;5661
6582;-452.556;-228.348;Potim;Sede Municipal;SÃƒO PAUL;4628;5364;5624;4809;4381;3611;3386;3513;4478;4594;5033;5082;5661
6583;-451.942;-22.808;Guaratinguetï¿;Sede Municipal;SÃƒO PAUL;4735;5564;5794;4912;4481;3676;3413;3548;4511;4671;5146;5236;5867
6664;-510.783;-226.606;Iepï¿;Sede Municipal;SÃƒO PAUL;4995;5894;5847;5364;4727;3776;3426;3660;4630;4728;5441;6053;6402
6667;-507.928;-227.423;Cruzï¿½ï¿;Sede Municipal;SÃƒO PAUL;4967;5922;5791;5220;4676;3802;3451;3684;4619;4757;5390;5955;6337
6669;-50.579;-227.433;Tarumï¿;Sede Municipal;SÃƒO PAUL;4971;5762;5813;5264;4707;3801;3461;3705;4674;4783;5429;5973;6277
6670;-504.187;-226.604;Assis;Sede Municipal;SÃƒO PAUL;4958;5724;5803;5235;4668;3776;3476;3688;4656;4759;5437;5988;6288
6671;-503.877;-227.476;Cï¿½ï¿½ndido ;Sede Municipal;SÃƒO PAUL;4943;5704;5802;5209;4654;3763;3476;3695;4623;4751;5408;5951;6275
6677;-497.432;-227.458;Sï¿½ï¿½o Pedro do T;Sede Municipal;SÃƒO PAUL;4940;5651;5786;5180;4702;3757;3483;3696;4683;4756;5441;5911;6233
6680;-494.299;-22.692;Espï¿½ï¿½rito Santo do T;Sede Municipal;SÃƒO PAUL;4933;5598;5779;5203;4681;3759;3489;3711;4694;4744;5431;5893;6214
6688;-486.649;-22.668;Areiï¿½ï¿½p;Sede Municipal;SÃƒO PAUL;4968;5660;5845;5231;4658;3810;3549;3722;4713;4821;5487;5896;6223
6689;-485.727;-227.326;Sï¿½ï¿½o Ma;Sede Municipal;SÃƒO PAUL;4981;5618;5916;5253;4684;3820;3550;3715;4699;4826;5497;5929;6259
6698;-47.648;-227.343;Piracicaba;Sede Municipal;SÃƒO PAUL;4900;5613;5777;5108;4612;3798;3525;3703;4656;4822;5423;5684;6073
6701;-473.335;-227.378;Americana;Sede Municipal;SÃƒO PAUL;4913;5626;5762;5118;4607;3804;3558;3719;4675;4855;5445;5679;6108
6705;-469.855;-227.042;Jaguariï¿½ï;Sede Municipal;SÃƒO PAUL;4955;5585;5812;5172;4675;3873;3573;3783;4692;4880;5524;5732;6167
6706;-468.952;-227.418;Pedreira;Sede Municipal;SÃƒO PAUL;4954;5565;5814;5135;4693;3891;3567;3788;4679;4894;5526;5731;6159
6707;-467.724;-227.093;Amparo;Sede Municipal;SÃƒO PAUL;4924;5500;5768;5079;4660;3881;3566;3784;4680;4905;5501;5688;6073
6708;-466.814;-226.822;Monte Alegre do Sul;Sede Municipal;SÃƒO PAUL;4878;5382;5716;5018;4594;3861;3581;3769;4704;4889;5457;5606;5962
6717;-457.291;-226.842;Sï¿½ï¿½o Bento do Sapu;Sede Municipal;SÃƒO PAUL;4725;5228;5599;4818;4445;3742;3492;3702;4651;4788;5255;5278;5699
6719;-455.837;-227.301;Campos do Jordï¿½;Sede Municipal;SÃƒO PAUL;4565;5016;5289;4541;4267;3666;3482;3649;4636;4760;5096;4968;5410
6723;-451.201;-227.339;Lorena;Sede Municipal;SÃƒO PAUL;4605;5338;5611;4768;4338;3628;3409;3544;4494;4573;4981;4986;5587
6724;-450.158;-22.667;Cachoeira Paulista;Sede Municipal;SÃƒO PAUL;4698;5479;5726;4857;4425;3669;3457;3568;4537;4649;5113;5139;5749
6724;-450.525;-227.008;Canas;Sede Municipal;SÃƒO PAUL;4698;5479;5726;4857;4425;3669;3457;3568;4537;4649;5113;5139;5749
6726;-448.525;-226.643;Silveiras;Sede Municipal;SÃƒO PAUL;4835;5724;5919;5013;4515;3757;3539;3636;4563;4746;5251;5365;5991
6730;-444.445;-226.722;Arapeï¿;Sede Municipal;SÃƒO PAUL;4591;5497;5845;4741;4230;3592;3369;3462;4308;4519;4903;4912;5711
6731;-443.285;-226.824;Bananal;Sede Municipal;SÃƒO PAUL;4622;5595;5950;4832;4276;3585;3389;3444;4294;4520;4910;4955;5719
6784;-530.591;-22.58;Rosana;Sede Municipal;SÃƒO PAUL;5025;6053;6051;5539;4691;3719;3374;3563;4459;4717;5445;6139;6548
6789;-525.932;-22.555;Euclides da Cunha Paulista;Sede Municipal;SÃƒO PAUL;5012;6070;5995;5453;4690;3724;3377;3585;4494;4721;5417;6143;6480
6802;-512.375;-226.195;Nantes;Sede Municipal;SÃƒO PAUL;4991;5860;5832;5356;4724;3791;3423;3695;4631;4734;5446;6053;6351
6808;-506.717;-226.154;Maracaï¿;Sede Municipal;SÃƒO PAUL;4981;5797;5776;5282;4732;3807;3505;3708;4679;4810;5438;5990;6252
6812;-502.044;-226.363;Platina;Sede Municipal;SÃƒO PAUL;4968;5738;5785;5260;4705;3794;3507;3704;4666;4762;5454;5941;6305
6814;-499.991;-226.024;Campos Novos Paulista;Sede Municipal;SÃƒO PAUL;4962;5691;5823;5220;4731;3778;3507;3702;4657;4769;5452;5913;6302
6820;-494.013;-225.773;Paulistï¿½ï¿;Sede Municipal;SÃƒO PAUL;4940;5585;5783;5211;4691;3796;3506;3728;4723;4775;5450;5852;6176
6825;-489.709;-22.569;Borebi;Sede Municipal;SÃƒO PAUL;4931;5529;5753;5174;4682;3817;3552;3710;4679;4784;5441;5890;6166
6826;-488.041;-226.032;Lenï¿½ï¿½ï¿½ï¿½is ;Sede Municipal;SÃƒO PAUL;4941;5552;5796;5171;4666;3810;3561;3709;4696;4802;5476;5869;6190
6833;-481.597;-225.666;Santa Maria da Serra;Sede Municipal;SÃƒO PAUL;4876;5527;5761;5123;4615;3745;3468;3611;4608;4760;5389;5794;6116
6836;-478.738;-225.982;ýýguas de Sýýo Pedro;Sede Municipal;SÃƒO PAUL;4824;5385;5627;5004;4626;3745;3501;3645;4684;4776;5351;5575;5971
6839;-475.234;-225.837;Iracemï¿½ï¿½p;Sede Municipal;SÃƒO PAUL;4904;5630;5821;5124;4625;3808;3525;3727;4708;4829;5449;5596;6001
6841;-473.974;-225.665;Limeira;Sede Municipal;SÃƒO PAUL;4903;5567;5744;5111;4598;3824;3577;3725;4696;4845;5457;5657;6040
6843;-471.731;-225.732;Artur Nogueira;Sede Municipal;SÃƒO PAUL;4948;5575;5823;5148;4652;3859;3580;3757;4720;4888;5504;5715;6159
6843;-47.193;-226.424;Cosmï¿½ï¿½p;Sede Municipal;SÃƒO PAUL;4948;5575;5823;5148;4652;3859;3580;3757;4720;4888;5504;5715;6159
6844;-470.491;-22.641;Holambra;Sede Municipal;SÃƒO PAUL;4955;5573;5831;5137;4669;3875;3576;3775;4715;4884;5524;5736;6164
6845;-469.196;-226.033;Santo Antï¿½ï¿½nio de P;Sede Municipal;SÃƒO PAUL;4960;5551;5823;5161;4669;3874;3590;3793;4719;4904;5536;5755;6148
6847;-467.037;-226.144;Serra Negra;Sede Municipal;SÃƒO PAUL;4956;5536;5805;5148;4681;3903;3589;3819;4712;4932;5536;5742;6075
6849;-465.255;-225.907;Socorro;Sede Municipal;SÃƒO PAUL;4919;5491;5744;5093;4637;3881;3577;3799;4727;4936;5523;5677;5942
6863;-451.873;-226.074;Piquete;Sede Municipal;SÃƒO PAUL;4465;5050;5352;4593;4171;3536;3430;3546;4491;4519;4848;4722;5324
6865;-449.027;-225.705;Lavrinhas;Sede Municipal;SÃƒO PAUL;4681;5434;5641;4795;4421;3685;3493;3606;4537;4663;5081;5086;5731
6865;-449.693;-225.732;Cruzeiro;Sede Municipal;SÃƒO PAUL;4681;5434;5641;4795;4421;3685;3493;3606;4537;4663;5081;5086;5731
6867;-446.996;-225.791;Areias;Sede Municipal;SÃƒO PAUL;4704;5549;5718;4881;4418;3728;3475;3579;4462;4626;5090;5137;5781
6869;-445.778;-226.418;Sï¿½ï¿½o Josï¿½ï¿½ do ;Sede Municipal;SÃƒO PAUL;4667;5583;5772;4929;4386;3670;3400;3480;4403;4566;4999;5050;5761
6933;-521.686;-225.304;Teodoro Sampaio;Sede Municipal;SÃƒO PAUL;5025;6024;5945;5395;4717;3779;3464;3673;4584;4775;5460;6100;6386
6937;-51.763;-22.456;Sandovalina;Sede Municipal;SÃƒO PAUL;5050;5917;5940;5447;4764;3823;3501;3706;4656;4783;5505;6082;6473
6938;-51.66;-224.879;Estrela do Norte;Sede Municipal;SÃƒO PAUL;5046;5900;5919;5427;4760;3808;3508;3718;4677;4819;5505;6078;6430
6958;-496.617;-225.277;Ubirajara;Sede Municipal;SÃƒO PAUL;4952;5656;5773;5178;4716;3795;3510;3744;4728;4810;5466;5863;6191
6961;-493.398;-22.458;Cabrï¿½ï¿½lia Paul;Sede Municipal;SÃƒO PAUL;4949;5653;5820;5191;4695;3797;3524;3744;4691;4771;5501;5846;6150
6965;-489.867;-224.699;Agudos;Sede Municipal;SÃƒO PAUL;4929;5506;5795;5198;4723;3819;3505;3725;4681;4777;5465;5820;6138
6967;-487.106;-225.007;Macatuba;Sede Municipal;SÃƒO PAUL;5005;5668;5916;5271;4684;3818;3576;3750;4723;4869;5555;5944;6291
6969;-485.601;-225.095;Igaraï¿½ï¿½u do Ti;Sede Municipal;SÃƒO PAUL;5009;5667;5965;5298;4704;3814;3538;3730;4677;4852;5560;5994;6314
6969;-485.588;-224.913;Barra Bonita;Sede Municipal;SÃƒO PAUL;5009;5667;5965;5298;4704;3814;3538;3730;4677;4852;5560;5994;6314
6975;-47.91;-225.487;Sï¿½ï¿½o P;Sede Municipal;SÃƒO PAUL;4838;5351;5599;4963;4610;3807;3535;3738;4735;4834;5364;5627;5893
6977;-477.759;-225.101;Charqueada;Sede Municipal;SÃƒO PAUL;4845;5427;5673;4999;4605;3797;3523;3724;4714;4795;5365;5597;5921
6979;-475.276;-224.577;Santa Gertrudes;Sede Municipal;SÃƒO PAUL;4899;5602;5707;5074;4640;3816;3551;3749;4725;4834;5450;5617;6029
6980;-474.523;-224.783;Cordeirï¿½ï¿½p;Sede Municipal;SÃƒO PAUL;4899;5567;5736;5069;4621;3820;3583;3750;4740;4832;5433;5631;6001
6982;-472.114;-22.484;Engenheiro Coelho;Sede Municipal;SÃƒO PAUL;4956;5611;5865;5157;4628;3889;3626;3765;4733;4893;5506;5682;6117
6988;-466.318;-224.738;ýýguas de Lindýýia;Sede Municipal;SÃƒO PAUL;4931;5530;5716;5105;4697;3926;3634;3838;4691;4933;5486;5662;5952
6988;-466.504;-22.523;Lindï¿½ï;Sede Municipal;SÃƒO PAUL;4931;5530;5716;5105;4697;3926;3634;3838;4691;4933;5486;5662;5952
7007;-447.785;-225.317;Queluz;Sede Municipal;SÃƒO PAUL;4394;5025;5205;4486;4146;3585;3403;3483;4364;4467;4704;4633;5229
7080;-515.239;-224.069;Narandiba;Sede Municipal;SÃƒO PAUL;5063;5958;5939;5428;4765;3832;3488;3741;4673;4817;5523;6097;6490
7083;-51.285;-22.39;Taciba;Sede Municipal;SÃƒO PAUL;5044;5897;5891;5381;4743;3834;3534;3734;4707;4809;5504;6086;6405
7090;-505.759;-22.413;Paraguaï¿½ï¿½u Paul;Sede Municipal;SÃƒO PAUL;5005;5770;5814;5299;4720;3853;3574;3762;4729;4827;5469;5966;6285
7093;-502.009;-22.429;Echaporï¿;Sede Municipal;SÃƒO PAUL;5014;5743;5838;5325;4753;3839;3576;3752;4735;4825;5507;5959;6320
7096;-499.224;-224.384;Ocauï¿½;Sede Municipal;SÃƒO PAUL;4996;5664;5845;5297;4754;3846;3541;3765;4752;4827;5492;5920;6251
7097;-498.184;-224.151;Lupï¿½ï¿½;Sede Municipal;SÃƒO PAUL;4987;5650;5813;5236;4753;3844;3538;3775;4767;4824;5493;5902;6250
7098;-497.627;-224.439;Alvinlï¿½ï¿½;Sede Municipal;SÃƒO PAUL;4964;5635;5805;5200;4728;3823;3521;3767;4760;4811;5486;5847;6188
7100;-495.224;-223.594;Fernï¿½;Sede Municipal;SÃƒO PAUL;4957;5647;5778;5124;4680;3821;3554;3766;4749;4820;5515;5851;6185
7100;-495.224;-224.299;Lucianï¿½ï¿½p;Sede Municipal;SÃƒO PAUL;4957;5647;5778;5124;4680;3821;3554;3766;4749;4820;5515;5851;6185
7101;-494.088;-22.415;Duartina;Sede Municipal;SÃƒO PAUL;4963;5645;5820;5170;4684;3828;3558;3765;4717;4803;5524;5858;6182
7104;-491.343;-224.146;Piratininga;Sede Municipal;SÃƒO PAUL;4979;5614;5826;5237;4722;3844;3551;3765;4712;4802;5538;5911;6228
7108;-487.785;-223.516;Pederneiras;Sede Municipal;SÃƒO PAUL;5008;5696;5938;5275;4676;3820;3580;3761;4673;4847;5576;5941;6316
7111;-484.514;-224.125;Mineiros do Tietï¿;Sede Municipal;SÃƒO PAUL;4980;5574;5848;5195;4686;3864;3594;3779;4713;4884;5552;5887;6184
7112;-483.823;-223.678;Dois Cï¿½ï¿½rr;Sede Municipal;SÃƒO PAUL;4950;5561;5809;5130;4682;3844;3582;3719;4718;4874;5513;5855;6114
7114;-48.169;-22.426;Torrinha;Sede Municipal;SÃƒO PAUL;4925;5503;5752;5090;4625;3858;3596;3774;4743;4895;5463;5767;6029
7118;-477.155;-22.436;Ipeï¿½ï;Sede Municipal;SÃƒO PAUL;4886;5470;5685;5044;4644;3835;3589;3761;4747;4827;5420;5676;5934
7120;-47.555;-223.989;Rio Claro;Sede Municipal;SÃƒO PAUL;4902;5560;5710;5090;4653;3836;3596;3755;4708;4838;5466;5632;5982
7122;-473.846;-223.577;Araras;Sede Municipal;SÃƒO PAUL;4941;5561;5811;5123;4649;3866;3629;3788;4755;4894;5496;5682;6040
7126;-469.432;-223.679;Mogi Guaï¿½;Sede Municipal;SÃƒO PAUL;4968;5577;5845;5143;4686;3904;3630;3829;4707;4929;5540;5736;6098
7126;-469.509;-224.324;Mogi Mirim;Sede Municipal;SÃƒO PAUL;4968;5577;5845;5143;4686;3904;3630;3829;4707;4929;5540;5736;6098
7127;-468.228;-224.362;Itapira;Sede Municipal;SÃƒO PAUL;4970;5559;5842;5131;4713;3906;3628;3836;4710;4947;5564;5737;6065
7227;-519.088;-222.909;Mirante do Paranapanema;Sede Municipal;SÃƒO PAUL;5081;6033;5977;5430;4767;3851;3529;3733;4687;4806;5551;6132;6481
7231;-515.626;-223.021;Tarabai;Sede Municipal;SÃƒO PAUL;5093;5973;5995;5477;4789;3842;3533;3764;4716;4839;5558;6123;6516
7232;-514.981;-222.716;Pirapozinho;Sede Municipal;SÃƒO PAUL;5098;5969;6001;5456;4772;3862;3550;3772;4738;4862;5544;6151;6501
7233;-513.869;-22.295;Anhumas;Sede Municipal;SÃƒO PAUL;5090;5956;5979;5422;4770;3874;3566;3776;4738;4852;5526;6149;6475
7241;-505.446;-222.695;Borï¿;Sede Municipal;SÃƒO PAUL;5019;5823;5840;5308;4742;3872;3561;3791;4759;4814;5468;5965;6291
7243;-503.944;-223.388;Lutï¿½ï¿;Sede Municipal;SÃƒO PAUL;5025;5812;5870;5307;4763;3862;3566;3790;4747;4797;5490;5997;6301
7244;-502.815;-223.153;Oscar Bressane;Sede Municipal;SÃƒO PAUL;5027;5779;5863;5327;4782;3856;3566;3784;4749;4808;5511;5990;6308
7251;-495.508;-222.923;Gï¿½ï¿;Sede Municipal;SÃƒO PAUL;4979;5635;5827;5184;4677;3855;3574;3791;4769;4828;5535;5880;6194
7256;-490.876;-22.325;Bauru;Sede Municipal;SÃƒO PAUL;4995;5657;5852;5226;4721;3865;3561;3787;4691;4810;5573;5920;6282
7261;-485.596;-222.941;Jaï¿;Sede Municipal;SÃƒO PAUL;5014;5687;5923;5238;4714;3878;3630;3832;4745;4892;5572;5870;6184
7265;-481.255;-222.799;Brotas;Sede Municipal;SÃƒO PAUL;4955;5573;5817;5147;4682;3881;3611;3804;4764;4872;5503;5762;6041
7268;-47.817;-222.567;Itirapina;Sede Municipal;SÃƒO PAUL;4888;5425;5647;5028;4633;3863;3635;3818;4771;4852;5448;5649;5892
7275;-471.733;-22.338;Conchal;Sede Municipal;SÃƒO PAUL;4977;5588;5845;5170;4682;3905;3686;3822;4765;4932;5566;5698;6057
7277;-469.485;-222.718;Estiva Gerbi;Sede Municipal;SÃƒO PAUL;4982;5590;5809;5156;4687;3922;3647;3847;4748;4949;5548;5772;6108
7393;-513.059;-222.186;Regente Feijï¿;Sede Municipal;SÃƒO PAUL;5092;5966;5976;5416;4779;3888;3581;3793;4763;4876;5513;6118;6436
7394;-512.559;-221.742;Indiana;Sede Municipal;SÃƒO PAUL;5095;5986;5957;5433;4786;3899;3607;3776;4772;4853;5524;6098;6447
7398;-508.935;-222.274;Rancharia;Sede Municipal;SÃƒO PAUL;5050;5909;5904;5360;4744;3885;3592;3789;4728;4831;5507;5999;6352
7399;-507.679;-22.25;Joï¿½ï¿½o Ram;Sede Municipal;SÃƒO PAUL;5041;5889;5878;5339;4726;3880;3614;3783;4738;4831;5488;5975;6352
7400;-506.979;-22.248;Quatï¿;Sede Municipal;SÃƒO PAUL;5029;5827;5878;5317;4711;3893;3543;3814;4764;4815;5493;5975;6318
7406;-500.909;-22.153;Oriente;Sede Municipal;SÃƒO PAUL;5018;5742;5893;5291;4784;3862;3566;3800;4791;4818;5515;5961;6189
7407;-499.505;-222.176;Marï¿½ï¿;Sede Municipal;SÃƒO PAUL;5007;5715;5872;5270;4761;3841;3554;3813;4776;4833;5525;5948;6169
7408;-498.212;-222.188;Vera Cruz;Sede Municipal;SÃƒO PAUL;5021;5694;5887;5301;4763;3849;3594;3846;4777;4856;5556;5948;6183
7410;-49.655;-22.213;Garï¿½;Sede Municipal;SÃƒO PAUL;5009;5663;5828;5255;4717;3885;3589;3825;4781;4845;5570;5914;6236
7413;-49.331;-221.571;Avaï¿;Sede Municipal;SÃƒO PAUL;4986;5651;5865;5217;4729;3863;3580;3784;4686;4821;5568;5867;6203
7419;-487.812;-221.931;Boracï¿½ï;Sede Municipal;SÃƒO PAUL;5021;5772;5967;5278;4715;3877;3597;3773;4635;4816;5570;5939;6314
7419;-487.201;-222.329;Itapuï¿;Sede Municipal;SÃƒO PAUL;5021;5772;5967;5278;4715;3877;3597;3773;4635;4816;5570;5939;6314
7430;-476.219;-222.218;Corumbataï¿;Sede Municipal;SÃƒO PAUL;4893;5455;5708;5040;4660;3862;3630;3777;4798;4873;5441;5606;5864
7433;-473.845;-221.813;Leme;Sede Municipal;SÃƒO PAUL;4974;5600;5855;5135;4679;3919;3687;3824;4789;4949;5511;5714;6026
7439;-467.481;-221.913;Espï¿½ï¿½rito Santo do Pi;Sede Municipal;SÃƒO PAUL;4909;5476;5645;4995;4660;3932;3667;3880;4763;4946;5465;5626;5848
7555;-519.621;-221.072;Marabï¿½ï¿½ Paul;Sede Municipal;SÃƒO PAUL;5094;6002;5966;5425;4765;3909;3602;3774;4716;4823;5560;6118;6469
7560;-514.727;-220.769;ýýlvares Machado;Sede Municipal;SÃƒO PAUL;5119;5989;6013;5468;4821;3929;3594;3827;4769;4874;5566;6106;6478
7561;-51.393;-221.211;Presidente Prudente;Sede Municipal;SÃƒO PAUL;5110;5991;5983;5463;4813;3929;3583;3829;4776;4853;5544;6103;6459
7563;-511.714;-221.466;Martinï¿½ï¿½p;Sede Municipal;SÃƒO PAUL;5107;5985;5939;5461;4819;3937;3627;3817;4797;4835;5554;6086;6422
7571;-503.074;-220.696;Quintana;Sede Municipal;SÃƒO PAUL;5035;5840;5883;5323;4754;3883;3601;3815;4791;4788;5506;5978;6264
7573;-501.764;-221.075;Pompï¿½ï;Sede Municipal;SÃƒO PAUL;5032;5779;5888;5264;4768;3884;3606;3823;4789;4823;5534;5970;6255
7577;-497.207;-22.079;ýýlvaro de Carvalho;Sede Municipal;SÃƒO PAUL;5036;5711;5867;5278;4787;3896;3627;3826;4783;4856;5587;5964;6249
7580;-494.385;-221.004;Presidente Alves;Sede Municipal;SÃƒO PAUL;5017;5647;5878;5232;4751;3904;3603;3843;4766;4860;5582;5914;6228
7587;-487.442;-220.734;Bariri;Sede Municipal;SÃƒO PAUL;5053;5802;5988;5264;4729;3891;3652;3849;4726;4894;5602;5940;6291
7589;-485.179;-22.136;Bocaina;Sede Municipal;SÃƒO PAUL;5002;5629;5887;5196;4682;3891;3673;3847;4736;4880;5586;5848;6166
7591;-483.138;-221.129;Dourado;Sede Municipal;SÃƒO PAUL;5010;5666;5882;5197;4696;3918;3690;3862;4790;4876;5567;5818;6156
7593;-481.793;-220.677;Ribeirï¿½ï¿½o Bo;Sede Municipal;SÃƒO PAUL;4982;5552;5867;5169;4712;3928;3674;3866;4790;4902;5531;5728;6066
7598;-476.623;-221.294;Analï¿½ï¿½;Sede Municipal;SÃƒO PAUL;4938;5495;5782;5072;4665;3907;3702;3852;4827;4913;5494;5645;5901
7600;-474.516;-22.141;Santa Cruz da Conceiï¿½ï¿;Sede Municipal;SÃƒO PAUL;4987;5585;5865;5138;4715;3939;3703;3869;4807;4955;5531;5724;6008
7605;-469.739;-220.577;Aguaï¿;Sede Municipal;SÃƒO PAUL;5001;5624;5836;5124;4743;3960;3693;3889;4782;4975;5561;5788;6034
7608;-466.849;-221.126;Santo Antï¿½ï¿½nio do Ja;Sede Municipal;SÃƒO PAUL;4859;5380;5581;4869;4598;3947;3717;3891;4797;4963;5367;5485;5713
7729;-516.531;-219.751;Santo Anastï¿½ï¿;Sede Municipal;SÃƒO PAUL;5109;5974;5984;5438;4789;3942;3628;3822;4718;4870;5575;6133;6428
7730;-515.627;-219.991;Presidente Bernardes;Sede Municipal;SÃƒO PAUL;5125;5981;6037;5512;4852;3947;3601;3836;4770;4848;5570;6113;6432
7731;-514.144;-219.532;Alfredo Marcondes;Sede Municipal;SÃƒO PAUL;5144;6012;6047;5519;4877;3965;3606;3843;4803;4879;5575;6146;6452
7733;-51.236;-22.012;Caiabu;Sede Municipal;SÃƒO PAUL;5132;6026;6016;5489;4849;3960;3639;3826;4815;4852;5549;6103;6455
7742;-503.912;-220.043;Herculï¿½ï¿½;Sede Municipal;SÃƒO PAUL;5051;5841;5920;5303;4742;3887;3622;3820;4803;4819;5536;6006;6313
7748;-497.869;-22.009;Jï¿½ï¿½lio Mesq;Sede Municipal;SÃƒO PAUL;5027;5718;5879;5227;4773;3905;3605;3841;4753;4845;5597;5949;6232
7751;-494.569;-21.999;Pirajuï¿;Sede Municipal;SÃƒO PAUL;5022;5708;5868;5205;4778;3902;3595;3864;4765;4850;5589;5906;6235
7756;-489.117;-220.283;Arealva;Sede Municipal;SÃƒO PAUL;5080;5788;5979;5281;4828;3916;3687;3872;4770;4879;5650;5999;6312
7757;-488.107;-219.859;Itaju;Sede Municipal;SÃƒO PAUL;5068;5835;5954;5305;4774;3890;3673;3853;4730;4876;5622;5987;6310
7762;-48.391;-219.923;Boa Esperanï¿½ï¿½a do;Sede Municipal;SÃƒO PAUL;5005;5662;5824;5139;4709;3939;3682;3892;4831;4896;5575;5787;6118
7762;-483.346;-220.393;Trabiju;Sede Municipal;SÃƒO PAUL;5005;5662;5824;5139;4709;3939;3682;3892;4831;4896;5575;5787;6118
7765;-48.004;-219.566;Ibatï¿;Sede Municipal;SÃƒO PAUL;4969;5537;5853;5154;4675;3948;3719;3845;4781;4907;5497;5691;6023
7767;-478.864;-220.179;Sï¿½ï¿½o Ca;Sede Municipal;SÃƒO PAUL;4971;5541;5806;5063;4672;3949;3714;3910;4836;4945;5532;5692;5994
7771;-474.261;-219.965;Pirassununga;Sede Municipal;SÃƒO PAUL;5010;5657;5924;5156;4729;3959;3703;3887;4805;4958;5561;5737;6045
7778;-467.948;-219.712;Sï¿½ï¿½o Joï¿½ï¿½o da B;Sede Municipal;SÃƒO PAUL;4933;5517;5684;4997;4687;3976;3714;3898;4798;4962;5470;5640;5857
7898;-518.452;-218.737;Presidente Venceslau;Sede Municipal;SÃƒO PAUL;5120;6023;6050;5473;4762;3959;3616;3821;4753;4864;5548;6090;6474
7899;-517.309;-218.872;Piquerobi;Sede Municipal;SÃƒO PAUL;5113;5961;6000;5457;4796;3975;3618;3828;4730;4866;5559;6100;6464
7906;-510.862;-218.532;Pracinha;Sede Municipal;SÃƒO PAUL;5111;5947;5972;5459;4822;3970;3659;3827;4836;4804;5563;6080;6398
7907;-509.598;-218.828;Sagres;Sede Municipal;SÃƒO PAUL;5101;5915;5956;5427;4799;3966;3660;3842;4810;4838;5576;6072;6353
7909;-507.361;-219.214;Bastos;Sede Municipal;SÃƒO PAUL;5075;5911;5895;5378;4740;3957;3638;3854;4840;4838;5537;5999;6312
7910;-506.889;-21.858;Iacri;Sede Municipal;SÃƒO PAUL;5073;5855;5908;5331;4762;3948;3630;3859;4849;4822;5543;6019;6345
7911;-505.195;-21.934;Tupï¿;Sede Municipal;SÃƒO PAUL;5080;5875;5915;5331;4748;3946;3645;3865;4847;4824;5550;6022;6388
7918;-49.899;-219.095;Guaimbï¿;Sede Municipal;SÃƒO PAUL;5049;5777;5890;5284;4788;3912;3623;3863;4779;4881;5605;5943;6244
7921;-495.899;-21.895;Guarantï¿;Sede Municipal;SÃƒO PAUL;5038;5759;5864;5255;4748;3902;3665;3875;4770;4899;5601;5907;6215
7923;-493.569;-21.9;Balbinos;Sede Municipal;SÃƒO PAUL;5071;5807;5956;5294;4773;3931;3643;3899;4798;4925;5623;5955;6247
7924;-492.249;-21.888;Reginï¿½ï¿½p;Sede Municipal;SÃƒO PAUL;5078;5825;5953;5325;4752;3935;3670;3912;4803;4890;5642;5949;6278
7926;-490.249;-21.89;Iacanga;Sede Municipal;SÃƒO PAUL;5095;5847;6020;5282;4786;3920;3697;3885;4796;4907;5668;6011;6317
7940;-476.185;-219.007;Descalvado;Sede Municipal;SÃƒO PAUL;5007;5632;5888;5127;4758;4003;3731;3921;4824;4946;5544;5701;6005
7949;-46.718;-219.324;ýýguas da Prata;Sede Municipal;SÃƒO PAUL;4893;5419;5621;4937;4664;3972;3729;3923;4826;4971;5390;5524;5742
8066;-521.116;-217.655;Presidente Epitï¿½ï¿;Sede Municipal;SÃƒO PAUL;5150;6064;6165;5637;4839;3969;3606;3775;4722;4757;5520;6152;6590
8068;-519.898;-218.317;Caiuï¿;Sede Municipal;SÃƒO PAUL;5134;6072;6056;5485;4804;4010;3610;3811;4709;4835;5564;6139;6515
8071;-51.604;-218.369;Ribeirï¿½ï¿½o dos ï¿½;Sede Municipal;SÃƒO PAUL;5117;5966;6005;5433;4816;3982;3633;3834;4747;4843;5580;6104;6456
8073;-514.836;-218.319;Emilianï¿½ï¿½p;Sede Municipal;SÃƒO PAUL;5099;5935;5965;5442;4818;3971;3664;3842;4781;4806;5545;6064;6356
8074;-513.935;-218.503;Santo Expedito;Sede Municipal;SÃƒO PAUL;5101;5919;5953;5439;4829;3981;3682;3840;4799;4823;5532;6051;6364
8076;-511.829;-217.964;Mariï¿½ï¿½p;Sede Municipal;SÃƒO PAUL;5118;5944;5976;5475;4832;3994;3673;3853;4830;4854;5557;6057;6373
8078;-509.619;-21.77;Inï¿½ï¿½bia Paul;Sede Municipal;SÃƒO PAUL;5105;5939;5943;5413;4819;3982;3674;3849;4833;4872;5559;6057;6321
8079;-508.797;-217.972;Osvaldo Cruz;Sede Municipal;SÃƒO PAUL;5094;5913;5911;5387;4789;3991;3672;3868;4843;4851;5541;6042;6319
8080;-507.953;-217.797;Parapuï¿;Sede Municipal;SÃƒO PAUL;5088;5892;5885;5365;4779;3987;3675;3874;4845;4846;5548;6044;6320
8083;-504.664;-217.733;Arco-ï¿½ï¿;Sede Municipal;SÃƒO PAUL;5088;5917;5930;5349;4757;3952;3642;3875;4814;4835;5574;6049;6368
8085;-502.399;-21.799;Queiroz;Sede Municipal;SÃƒO PAUL;5080;5890;5917;5329;4802;3915;3646;3876;4786;4839;5595;5995;6368
8088;-499.289;-21.799;Getulina;Sede Municipal;SÃƒO PAUL;5058;5851;5894;5299;4821;3926;3620;3870;4752;4872;5582;5936;6268
8091;-496.096;-218.036;Cafelï¿½ï¿½;Sede Municipal;SÃƒO PAUL;5057;5783;5918;5293;4798;3916;3649;3872;4793;4931;5603;5932;6200
8095;-492.809;-21.784;Uru;Sede Municipal;SÃƒO PAUL;5116;5931;6034;5375;4794;3940;3693;3924;4806;4923;5662;5989;6322
8099;-488.323;-217.567;Ibitinga;Sede Municipal;SÃƒO PAUL;5056;5815;5966;5221;4742;3930;3664;3908;4773;4936;5605;5884;6221
8102;-48.561;-21.778;Nova Europa;Sede Municipal;SÃƒO PAUL;5032;5728;5887;5147;4737;3956;3716;3912;4815;4928;5565;5834;6157
8103;-484.961;-218.371;Gaviï¿½ï¿½o Pei;Sede Municipal;SÃƒO PAUL;5020;5691;5873;5136;4724;3982;3700;3920;4830;4954;5559;5798;6077
8106;-481.784;-21.785;Araraquara;Sede Municipal;SÃƒO PAUL;5009;5637;5873;5127;4719;3992;3720;3944;4849;4954;5533;5754;6000
8113;-474.874;-218.503;Porto Ferreira;Sede Municipal;SÃƒO PAUL;5026;5671;5848;5134;4776;4015;3760;3941;4876;4953;5540;5748;6049
8115;-472.484;-218.239;Santa Cruz das Palmeiras;Sede Municipal;SÃƒO PAUL;5001;5607;5800;5104;4766;4008;3746;3933;4877;4965;5524;5718;5963
8117;-470.856;-217.713;Casa Branca;Sede Municipal;SÃƒO PAUL;5025;5632;5866;5124;4758;4013;3750;3940;4858;4990;5550;5802;6011
8119;-468.917;-218.327;Vargem Grande do Sul;Sede Municipal;SÃƒO PAUL;5006;5601;5794;5061;4788;4011;3778;3974;4872;5029;5529;5709;5924
8245;-513.806;-21.676;Flora Rica;Sede Municipal;SÃƒO PAUL;5103;5890;5948;5417;4839;4000;3694;3837;4789;4859;5562;6053;6345
8248;-510.219;-217.187;Lucï¿½ï¿;Sede Municipal;SÃƒO PAUL;5125;5954;5944;5480;4872;4004;3673;3880;4829;4891;5567;6060;6352
8248;-510.741;-216.825;Adamantina;Sede Municipal;SÃƒO PAUL;5125;5954;5944;5480;4872;4004;3673;3880;4829;4891;5567;6060;6352
8251;-507.243;-217.289;Rinï¿½ï¿½p;Sede Municipal;SÃƒO PAUL;5084;5873;5887;5380;4810;3978;3677;3888;4818;4811;5538;6052;6301
8255;-503.269;-21.676;Luiziï¿½ï¿;Sede Municipal;SÃƒO PAUL;5093;5935;5946;5338;4817;3962;3655;3883;4788;4859;5571;6018;6344
8261;-49.753;-216.723;Lins;Sede Municipal;SÃƒO PAUL;5078;5849;5954;5306;4809;3938;3643;3903;4800;4934;5625;5948;6225
8265;-493.584;-217.363;Pongaï¿;Sede Municipal;SÃƒO PAUL;5138;5967;6102;5416;4824;3939;3685;3933;4796;4957;5685;6021;6334
8272;-486.903;-217.295;Tabatinga;Sede Municipal;SÃƒO PAUL;5061;5777;5907;5134;4733;3988;3769;3949;4865;4966;5600;5859;6184
8277;-481.151;-217.292;Amï¿½ï¿½rico Brasili;Sede Municipal;SÃƒO PAUL;5027;5661;5932;5147;4720;4021;3771;3978;4832;4948;5540;5778;5998
8278;-48.084;-21.685;Santa Lï¿½ï¿;Sede Municipal;SÃƒO PAUL;5016;5656;5903;5123;4722;4015;3762;3969;4819;4954;5522;5779;5964
8284;-474.784;-217.088;Santa Rita do Passa Quatro;Sede Municipal;SÃƒO PAUL;5016;5633;5846;5143;4779;4016;3799;3951;4883;4911;5485;5738;6010
8286;-472.707;-217.034;Tambaï¿;Sede Municipal;SÃƒO PAUL;5008;5631;5803;5121;4766;4023;3752;3965;4877;4964;5517;5732;5948
8289;-469.747;-217.313;Itobi;Sede Municipal;SÃƒO PAUL;5068;5696;5878;5215;4858;4052;3805;3984;4866;5028;5594;5836;6000
8290;-468.211;-217.046;Sï¿½ï¿½o Sebastiï¿½ï¿½o ;Sede Municipal;SÃƒO PAUL;5049;5653;5833;5133;4838;4046;3824;4026;4894;5060;5569;5761;5951
8291;-467.365;-216.642;Divinolï¿½ï¿½;Sede Municipal;SÃƒO PAUL;5002;5585;5755;5026;4779;4038;3840;4037;4918;5050;5500;5646;5850
8415;-513.476;-215.689;Irapuru;Sede Municipal;SÃƒO PAUL;5110;5904;6001;5372;4848;3991;3671;3886;4805;4901;5561;6040;6340
8416;-512.658;-215.631;Pacaembu;Sede Municipal;SÃƒO PAUL;5121;5922;5956;5444;4876;4016;3713;3880;4808;4878;5557;6079;6326
8417;-511.729;-216.132;Flï¿½ï¿½rida Paul;Sede Municipal;SÃƒO PAUL;5125;5907;5996;5456;4886;4024;3716;3899;4805;4864;5563;6064;6322
8420;-508.609;-21.624;Salmourï¿½;Sede Municipal;SÃƒO PAUL;5080;5901;5927;5380;4799;3977;3677;3889;4809;4845;5504;5996;6259
8423;-504.999;-21.638;Santï¿½ï¿½polis do Agua;Sede Municipal;SÃƒO PAUL;5101;5905;5896;5346;4821;3979;3692;3924;4832;4864;5580;6054;6320
8423;-505.989;-21.592;Piacatu;Sede Municipal;SÃƒO PAUL;5101;5905;5896;5346;4821;3979;3692;3924;4832;4864;5580;6054;6320
8424;-504.489;-21.56;Clementina;Sede Municipal;SÃƒO PAUL;5101;5892;5907;5347;4835;3981;3690;3928;4833;4888;5575;6034;6309
8427;-501.639;-21.581;Alto Alegre;Sede Municipal;SÃƒO PAUL;5097;5886;5955;5354;4821;3967;3661;3867;4802;4916;5616;6022;6300
8431;-497.989;-21.622;Guaiï¿½ï¿;Sede Municipal;SÃƒO PAUL;5115;5886;6010;5386;4858;3966;3687;3925;4788;4959;5647;6004;6260
8438;-490.745;-216.218;Borborema;Sede Municipal;SÃƒO PAUL;5081;5840;5960;5248;4780;3988;3747;3951;4828;4965;5581;5882;6199
8440;-488.153;-215.947;Itï¿½ï¿½p;Sede Municipal;SÃƒO PAUL;5064;5778;5956;5206;4749;3993;3745;3970;4824;4984;5594;5838;6134
8445;-483.644;-21.603;Matï¿½;Sede Municipal;SÃƒO PAUL;5053;5751;5920;5174;4711;4025;3782;3958;4865;4966;5583;5813;6089
8448;-480.732;-215.899;Rincï¿½;Sede Municipal;SÃƒO PAUL;5051;5637;5958;5175;4784;4062;3791;3994;4873;4947;5526;5762;6109
8451;-477.012;-215.511;Luï¿½ï¿½s Antï;Sede Municipal;SÃƒO PAUL;5013;5618;5903;5101;4787;4036;3799;3975;4881;4921;5480;5652;6002
8460;-468.877;-215.958;Sï¿½ï¿½o Josï¿½ï¿½ do R;Sede Municipal;SÃƒO PAUL;5060;5695;5887;5123;4830;4069;3830;4039;4908;5060;5555;5787;5943
8581;-517.028;-214.876;Ouro Verde;Sede Municipal;SÃƒO PAUL;5118;5915;5992;5425;4847;4025;3682;3877;4780;4896;5592;6027;6364
8583;-515.355;-214.848;Dracena;Sede Municipal;SÃƒO PAUL;5120;5908;5986;5443;4807;4029;3706;3884;4780;4902;5577;6046;6364
8584;-514.346;-215.108;Junqueirï¿½ï¿½p;Sede Municipal;SÃƒO PAUL;5118;5916;5979;5423;4807;4035;3708;3894;4804;4880;5582;6047;6342
8593;-505.549;-21.531;Gabriel Monteiro;Sede Municipal;SÃƒO PAUL;5121;5948;5935;5379;4881;3985;3716;3929;4845;4890;5591;6057;6295
8595;-503.179;-214.995;Braï¿½ï;Sede Municipal;SÃƒO PAUL;5118;5952;5974;5342;4848;3988;3692;3934;4839;4901;5584;6049;6308
8599;-499.513;-214.589;Avanhandava;Sede Municipal;SÃƒO PAUL;5114;5878;5940;5348;4851;3977;3709;3950;4811;4937;5629;6023;6316
8600;-498.603;-21.536;Promissï¿½;Sede Municipal;SÃƒO PAUL;5126;5901;6025;5367;4872;3954;3715;3944;4809;4952;5625;6020;6331
8603;-49.576;-214.598;Sabino;Sede Municipal;SÃƒO PAUL;5150;6005;6125;5440;4812;3970;3682;3951;4788;4949;5658;6044;6381
8606;-492.238;-214.656;Novo Horizonte;Sede Municipal;SÃƒO PAUL;5107;5889;5961;5298;4802;4008;3735;3989;4874;4965;5622;5934;6201
8615;-48.391;-21.463;Santa Ernestina;Sede Municipal;SÃƒO PAUL;5064;5735;5899;5142;4772;4054;3814;4007;4871;4984;5576;5817;6094
8615;-483.939;-21.516;Dobrada;Sede Municipal;SÃƒO PAUL;5064;5735;5899;5142;4772;4054;3814;4007;4871;4984;5576;5817;6094
8617;-48.151;-21.508;Motuca;Sede Municipal;SÃƒO PAUL;5049;5691;5911;5149;4803;4069;3829;4010;4833;4964;5497;5764;6070
8618;-48.036;-214.949;Guataparï¿;Sede Municipal;SÃƒO PAUL;5061;5738;5975;5190;4764;4052;3819;4006;4861;4935;5515;5767;6107
8623;-475.522;-214.736;Sï¿½ï¿½o Si;Sede Municipal;SÃƒO PAUL;5021;5644;5869;5092;4779;4049;3816;4010;4901;4960;5513;5637;5987
8625;-473.626;-21.478;Santa Rosa de Viterbo;Sede Municipal;SÃƒO PAUL;5050;5671;5895;5130;4823;4058;3815;4020;4905;4974;5563;5759;5986
8628;-470.028;-214.652;Mococa;Sede Municipal;SÃƒO PAUL;5032;5646;5825;5124;4800;4067;3822;4036;4895;4979;5537;5738;5914
8631;-467.452;-214.718;Tapiratiba;Sede Municipal;SÃƒO PAUL;4989;5593;5770;4967;4754;4060;3835;4045;4933;5050;5486;5577;5796
8632;-466.441;-215.285;Caconde;Sede Municipal;SÃƒO PAUL;4930;5509;5660;4887;4739;4026;3754;4050;4902;5045;5444;5491;5649
8750;-518.566;-213.544;Panorama;Sede Municipal;SÃƒO PAUL;5117;5947;6097;5490;4837;4003;3632;3842;4698;4833;5580;6073;6371
8751;-517.549;-213.509;Santa Mercedes;Sede Municipal;SÃƒO PAUL;5136;5956;6003;5464;4843;4033;3696;3889;4797;4913;5610;6059;6365
8753;-515.746;-213.865;Tupi Paulista;Sede Municipal;SÃƒO PAUL;5130;5909;5973;5441;4868;4048;3724;3896;4790;4927;5575;6059;6352
8764;-504.751;-214.044;Bilac;Sede Municipal;SÃƒO PAUL;5128;5978;5964;5379;4857;4006;3700;3951;4862;4893;5596;6051;6301
8766;-502.864;-213.525;Coroados;Sede Municipal;SÃƒO PAUL;5137;5968;6043;5356;4831;4015;3707;3953;4851;4919;5617;6052;6335
8766;-502.109;-21.384;Glicï¿½ï¿;Sede Municipal;SÃƒO PAUL;5137;5968;6043;5356;4831;4015;3707;3953;4851;4919;5617;6052;6335
8768;-500.773;-214.152;Penï¿½ï¿½p;Sede Municipal;SÃƒO PAUL;5149;5918;6007;5402;4858;4003;3719;3982;4862;4934;5655;6098;6346
8783;-485.108;-214.053;Taquaritinga;Sede Municipal;SÃƒO PAUL;5098;5745;5937;5163;4789;4092;3819;4025;4934;5009;5614;5903;6141
8786;-48.232;-213.598;Guariba;Sede Municipal;SÃƒO PAUL;5078;5742;5970;5170;4795;4088;3822;4036;4868;4984;5536;5823;6098
8788;-480.683;-21.363;Pradï¿½ï¿½p;Sede Municipal;SÃƒO PAUL;5059;5705;5946;5215;4747;4082;3832;4020;4853;4924;5511;5762;6109
8921;-518.325;-213.157;Paulicï¿½ï;Sede Municipal;SÃƒO PAUL;5107;5896;6063;5481;4846;4023;3668;3837;4706;4837;5557;6030;6341
8923;-516.439;-21.334;Nova Guataporanga;Sede Municipal;SÃƒO PAUL;5144;5968;5973;5486;4843;4047;3715;3902;4846;4904;5586;6088;6371
8923;-51.666;-21.268;Sï¿½ï¿½o Joï¿½ï¿½o do Pa;Sede Municipal;SÃƒO PAUL;5144;5968;5973;5486;4843;4047;3715;3902;4846;4904;5586;6088;6371
8924;-515.683;-212.986;Monte Castelo;Sede Municipal;SÃƒO PAUL;5132;5867;5963;5419;4858;4059;3721;3911;4822;4912;5579;6081;6388
8931;-508.119;-21.271;Bento de Abreu;Sede Municipal;SÃƒO PAUL;5129;5917;5933;5422;4869;4014;3741;3937;4859;4915;5605;6036;6298
8932;-50.73;-21.301;Rubiï¿½ï¿;Sede Municipal;SÃƒO PAUL;5123;5907;5936;5407;4860;4004;3724;3946;4846;4926;5598;6028;6293
8933;-506.458;-212.549;Guararapes;Sede Municipal;SÃƒO PAUL;5139;5935;5970;5389;4889;4003;3717;3969;4869;4917;5607;6087;6311
8936;-503.436;-212.915;Birigui;Sede Municipal;SÃƒO PAUL;5144;5959;5979;5362;4848;4037;3735;3971;4847;4933;5632;6078;6349
8940;-499.522;-212.661;Barbosa;Sede Municipal;SÃƒO PAUL;5137;5926;6010;5391;4828;3993;3709;3949;4812;4930;5646;6072;6383
8945;-494.116;-212.782;Irapuï¿;Sede Municipal;SÃƒO PAUL;5122;5920;5959;5304;4841;4022;3768;3987;4854;4975;5628;5947;6255
8945;-494.973;-213.413;Sales;Sede Municipal;SÃƒO PAUL;5122;5920;5959;5304;4841;4022;3768;3987;4854;4975;5628;5947;6255
8948;-491.304;-212.592;Marapoama;Sede Municipal;SÃƒO PAUL;5111;5852;5910;5252;4795;4048;3811;4029;4941;5039;5624;5874;6161
8949;-490.539;-21.318;Itajobi;Sede Municipal;SÃƒO PAUL;5103;5850;5884;5216;4786;4061;3805;4020;4953;5040;5604;5880;6135
8953;-486.878;-212.665;Fernando Prestes;Sede Municipal;SÃƒO PAUL;5121;5738;5950;5233;4831;4111;3850;4069;4958;5054;5620;5896;6149
8953;-48.631;-21.325;Cï¿½ï¿½ndido Rodri;Sede Municipal;SÃƒO PAUL;5121;5738;5950;5233;4831;4111;3850;4069;4958;5054;5620;5896;6149
8955;-484.975;-21.266;Monte Alto;Sede Municipal;SÃƒO PAUL;5100;5709;5920;5136;4784;4114;3850;4079;4926;5028;5617;5899;6133
8956;-483.256;-212.525;Jaboticabal;Sede Municipal;SÃƒO PAUL;5099;5782;5948;5170;4799;4113;3859;4076;4882;5005;5585;5842;6119
8962;-477.328;-213.384;Cravinhos;Sede Municipal;SÃƒO PAUL;5041;5584;5893;5089;4774;4061;3902;4071;4911;4990;5493;5710;6012
8964;-475.606;-213.079;Serra Azul;Sede Municipal;SÃƒO PAUL;5056;5609;5858;5141;4805;4093;3889;4081;4958;4968;5522;5698;6050
8965;-474.308;-212.955;Santa Cruz da Esperanï¿½;Sede Municipal;SÃƒO PAUL;5058;5649;5856;5135;4810;4085;3856;4086;4952;4976;5550;5710;6031
8966;-473.034;-212.754;Cajuru;Sede Municipal;SÃƒO PAUL;5031;5590;5785;5070;4774;4088;3855;4088;4980;5005;5532;5661;5940
8968;-471.647;-212.806;Cï¿½ï¿½ssia dos Coque;Sede Municipal;SÃƒO PAUL;4954;5445;5645;4888;4715;4092;3887;4095;5005;5001;5457;5497;5717
9099;-510.399;-211.679;Lavï¿½ï¿;Sede Municipal;SÃƒO PAUL;5134;5901;5967;5431;4891;4048;3766;3943;4881;4910;5565;6032;6279
9101;-508.703;-212.234;Valparaï¿½ï;Sede Municipal;SÃƒO PAUL;5141;5935;5957;5422;4867;4032;3757;3962;4887;4950;5586;6033;6309
9105;-504.405;-212.081;Araï¿½ï¿½a;Sede Municipal;SÃƒO PAUL;5159;5966;5993;5402;4881;4044;3741;3973;4892;4925;5639;6113;6342
9108;-501.849;-21.166;Brejo Alegre;Sede Municipal;SÃƒO PAUL;5117;5903;5982;5366;4835;3982;3695;3935;4798;4876;5620;6054;6359
9112;-497.202;-211.654;Ubarana;Sede Municipal;SÃƒO PAUL;5119;5880;5926;5280;4847;4007;3771;3997;4859;4981;5632;6000;6251
9113;-496.455;-21.233;Adolfo;Sede Municipal;SÃƒO PAUL;5115;5907;5925;5297;4829;3997;3766;3987;4860;5001;5632;5967;6215
9114;-495.791;-211.841;Mendonï¿½;Sede Municipal;SÃƒO PAUL;5113;5910;5922;5292;4832;4024;3764;3993;4846;4996;5628;5948;6201
9117;-492.935;-212.037;Urupï¿½;Sede Municipal;SÃƒO PAUL;5126;5839;5940;5254;4826;4061;3821;4038;4952;5058;5625;5927;6174
9118;-491.119;-21.166;Elisiï¿½ï¿;Sede Municipal;SÃƒO PAUL;5116;5804;5936;5236;4825;4067;3815;4043;4951;5066;5611;5883;6159
9120;-48.909;-211.858;Pindorama;Sede Municipal;SÃƒO PAUL;5089;5750;5803;5164;4800;4076;3837;4050;4988;5061;5576;5859;6109
9121;-488.067;-212.431;Santa Adï¿½ï¿;Sede Municipal;SÃƒO PAUL;5109;5791;5869;5187;4820;4094;3847;4062;4973;5063;5607;5862;6127
9122;-487.908;-211.876;Ariranha;Sede Municipal;SÃƒO PAUL;5119;5814;5950;5194;4821;4100;3852;4073;4954;5062;5596;5863;6144
9123;-48.629;-21.171;Vista Alegre do Alto;Sede Municipal;SÃƒO PAUL;5131;5789;5962;5209;4806;4121;3884;4099;4961;5082;5615;5903;6139
9128;-48.164;-21.194;Barrinha;Sede Municipal;SÃƒO PAUL;5106;5757;6017;5187;4836;4143;3843;4096;4939;4978;5556;5844;6082
9130;-47.976;-212.329;Dumont;Sede Municipal;SÃƒO PAUL;5098;5719;5966;5170;4822;4113;3895;4113;4944;4992;5532;5784;6130
9131;-478.103;-211.704;Ribeirï¿½ï¿½o P;Sede Municipal;SÃƒO PAUL;5078;5639;5928;5166;4800;4105;3916;4120;4929;4999;5516;5740;6078
9134;-475.956;-212.048;Serrana;Sede Municipal;SÃƒO PAUL;5051;5602;5810;5114;4809;4109;3899;4095;4995;4997;5535;5668;5981
9266;-51.491;-211.031;Nova Independï¿½ï¿½;Sede Municipal;SÃƒO PAUL;5143;5872;5938;5423;4876;4087;3760;3961;4890;4920;5607;6020;6358
9269;-511.039;-211.318;Mirandï¿½ï¿½p;Sede Municipal;SÃƒO PAUL;5153;5881;5951;5431;4880;4088;3783;3957;4935;4966;5598;6075;6297
9279;-501.479;-210.665;Buritama;Sede Municipal;SÃƒO PAUL;5109;5798;5896;5329;4887;4012;3712;3961;4838;4920;5609;6023;6320
9280;-500.509;-21.052;Zacarias;Sede Municipal;SÃƒO PAUL;5129;5895;5936;5348;4882;4046;3723;3992;4862;4955;5601;6030;6275
9284;-496.896;-210.555;Josï¿½ï¿½ Bonifï;Sede Municipal;SÃƒO PAUL;5125;5889;5878;5263;4842;4055;3805;4053;4932;5031;5611;5945;6195
9288;-492.452;-210.835;Ibirï¿;Sede Municipal;SÃƒO PAUL;5130;5833;5941;5235;4835;4095;3810;4059;4964;5079;5622;5930;6150
9290;-49.062;-210.523;Catiguï¿;Sede Municipal;SÃƒO PAUL;5107;5738;5901;5204;4794;4089;3840;4068;4995;5052;5601;5874;6133
9291;-489.774;-211.318;Catanduva;Sede Municipal;SÃƒO PAUL;5110;5778;5859;5168;4783;4084;3866;4074;5018;5075;5588;5878;6155
9292;-488.041;-210.858;Palmares Paulista;Sede Municipal;SÃƒO PAUL;5128;5832;5909;5191;4810;4102;3878;4092;5006;5093;5616;5872;6137
9294;-486.611;-210.891;Pirangi;Sede Municipal;SÃƒO PAUL;5132;5861;5974;5177;4777;4118;3908;4116;4963;5078;5609;5881;6124
9295;-485.116;-211.436;Taiaï¿½;Sede Municipal;SÃƒO PAUL;5134;5820;6004;5197;4799;4123;3894;4120;4958;5072;5594;5891;6131
9296;-48.413;-210.742;Taquaral;Sede Municipal;SÃƒO PAUL;5133;5763;5988;5213;4818;4125;3889;4122;4979;5060;5592;5902;6145
9296;-48.452;-21.124;Taiï¿½ï;Sede Municipal;SÃƒO PAUL;5133;5763;5988;5213;4818;4125;3889;4122;4979;5060;5592;5902;6145
9301;-479.879;-211.321;Sertï¿½ï¿½oz;Sede Municipal;SÃƒO PAUL;5123;5748;5974;5204;4852;4154;3912;4123;5002;4997;5552;5829;6125
9309;-471.468;-210.869;Santo Antï¿½ï¿½nio da Ale;Sede Municipal;SÃƒO PAUL;5012;5520;5708;4984;4734;4150;3929;4151;5024;5049;5518;5596;5778
9439;-512.092;-210.333;Guaraï¿½ï¿;Sede Municipal;SÃƒO PAUL;5160;5883;5927;5428;4923;4099;3800;3966;4921;4977;5640;6064;6288
9439;-512.778;-209.913;Murutinga do Sul;Sede Municipal;SÃƒO PAUL;5160;5883;5927;5428;4923;4099;3800;3966;4921;4977;5640;6064;6288
9449;-502.267;-209.665;Lourdes;Sede Municipal;SÃƒO PAUL;5135;5850;5901;5309;4906;4082;3754;4019;4912;4940;5630;6018;6299
9452;-499.289;-21.034;Planalto;Sede Municipal;SÃƒO PAUL;5141;5856;5922;5286;4912;4089;3822;4028;4933;5002;5603;6005;6239
9456;-494.991;-210.161;Nova Alianï¿½;Sede Municipal;SÃƒO PAUL;5127;5762;5909;5227;4845;4083;3846;4104;4981;5066;5598;5928;6179
9458;-493.769;-21.043;Potirendaba;Sede Municipal;SÃƒO PAUL;5122;5797;5867;5195;4837;4105;3865;4084;4990;5078;5614;5905;6117
9460;-491.749;-20.953;Uchoa;Sede Municipal;SÃƒO PAUL;5123;5787;5887;5207;4831;4104;3880;4098;4986;5086;5590;5883;6134
9461;-490.311;-209.606;Tabapuï¿;Sede Municipal;SÃƒO PAUL;5130;5808;5900;5214;4822;4109;3888;4108;5006;5088;5598;5883;6133
9462;-489.189;-20.992;Novais;Sede Municipal;SÃƒO PAUL;5131;5834;5879;5197;4801;4103;3896;4124;5014;5098;5587;5912;6121
9463;-488.329;-209.801;Embaï¿½ï;Sede Municipal;SÃƒO PAUL;5132;5808;5915;5195;4785;4101;3902;4148;5017;5094;5596;5901;6124
9464;-487.765;-210.164;Paraï¿½ï;Sede Municipal;SÃƒO PAUL;5132;5791;5937;5203;4781;4116;3905;4155;5020;5077;5592;5869;6136
9469;-482.214;-210.137;Pitangueiras;Sede Municipal;SÃƒO PAUL;5142;5787;6055;5214;4818;4167;3919;4154;4977;5006;5577;5859;6174
9471;-480.427;-21.022;Pontal;Sede Municipal;SÃƒO PAUL;5158;5812;6029;5249;4906;4163;3890;4177;5019;4996;5594;5866;6193
9474;-47.761;-210.181;Jardinï¿½ï¿½p;Sede Municipal;SÃƒO PAUL;5094;5667;5889;5150;4873;4163;3947;4158;5018;5050;5526;5699;5990
9475;-476.576;-20.985;Brodowski;Sede Municipal;SÃƒO PAUL;5050;5625;5796;5075;4808;4133;3931;4146;5016;5026;5482;5644;5913
9478;-473.716;-210.218;Altinï¿½ï¿½p;Sede Municipal;SÃƒO PAUL;5034;5557;5791;4960;4785;4171;3961;4186;5091;5079;5477;5551;5802
9609;-514.888;-208.694;Castilho;Sede Municipal;SÃƒO PAUL;5169;5968;5951;5399;4887;4098;3797;3975;4939;4972;5637;6007;6399
9610;-51.379;-208.952;Andradina;Sede Municipal;SÃƒO PAUL;5172;5957;5921;5398;4909;4107;3798;3984;4961;4979;5642;6034;6373
9619;-504.959;-20.937;Santo Antï¿½ï¿½nio do Aracan;Sede Municipal;SÃƒO PAUL;5149;5887;5895;5365;4905;4106;3793;4026;4945;4945;5637;6003;6278
9621;-502.621;-208.564;Nova Luzitï¿½ï¿;Sede Municipal;SÃƒO PAUL;5147;5852;5917;5314;4929;4090;3792;4041;4946;4953;5641;6013;6274
9622;-501.075;-209.498;Turiï¿½ï;Sede Municipal;SÃƒO PAUL;5153;5823;5898;5310;4957;4098;3829;4045;4969;4978;5661;6029;6243
9625;-498.969;-20.887;Uniï¿½ï¿½o Paul;Sede Municipal;SÃƒO PAUL;5144;5839;5890;5276;4871;4116;3848;4084;5014;5032;5611;5945;6204
9626;-497.779;-20.913;Nipoï¿;Sede Municipal;SÃƒO PAUL;5147;5840;5901;5275;4870;4103;3855;4101;5013;5065;5607;5954;6179
9628;-495.801;-208.809;Jaci;Sede Municipal;SÃƒO PAUL;5141;5817;5871;5217;4862;4085;3863;4124;5026;5069;5620;5962;6177
9629;-494.449;-20.918;Bady Bassitt;Sede Municipal;SÃƒO PAUL;5121;5785;5870;5167;4819;4096;3854;4120;5001;5079;5606;5910;6142
9631;-492.679;-20.903;Cedral;Sede Municipal;SÃƒO PAUL;5134;5767;5861;5206;4849;4104;3898;4123;5040;5102;5597;5931;6130
9635;-488.067;-208.778;Cajobi;Sede Municipal;SÃƒO PAUL;5146;5817;5936;5212;4836;4129;3915;4150;5025;5078;5579;5933;6142
9637;-486.391;-20.907;Monte Azul Paulista;Sede Municipal;SÃƒO PAUL;5156;5893;6012;5209;4863;4164;3917;4150;5014;5058;5564;5917;6109
9639;-484.795;-209.495;Bebedouro;Sede Municipal;SÃƒO PAUL;5136;5822;6053;5198;4806;4177;3890;4158;4994;5050;5577;5824;6087
9641;-482.934;-208.738;Viradouro;Sede Municipal;SÃƒO PAUL;5163;5827;6078;5229;4841;4188;3945;4177;5023;5024;5581;5858;6183
9648;-475.925;-208.933;Batatais;Sede Municipal;SÃƒO PAUL;5073;5624;5822;5052;4812;4178;3965;4187;5109;5088;5512;5638;5892
9793;-503.429;-20.763;Nova Castilho;Sede Municipal;SÃƒO PAUL;5165;5885;5946;5334;4897;4118;3843;4072;4991;4997;5633;5995;6269
9795;-501.869;-20.799;Gastï¿½ï¿½o Vid;Sede Municipal;SÃƒO PAUL;5161;5840;5941;5299;4922;4125;3865;4069;5009;4999;5641;5986;6233
9796;-500.919;-20.85;Monï¿½ï¿½;Sede Municipal;SÃƒO PAUL;5149;5841;5895;5249;4904;4142;3848;4107;5015;5007;5627;5982;6178
9797;-499.639;-20.806;Macaubal;Sede Municipal;SÃƒO PAUL;5151;5833;5886;5266;4905;4131;3858;4121;5031;5029;5630;5952;6177
9798;-498.144;-207.854;Poloni;Sede Municipal;SÃƒO PAUL;5149;5789;5880;5259;4892;4128;3884;4118;5059;5029;5644;5937;6173
9799;-497.139;-20.773;Monte Aprazï¿½ï¿;Sede Municipal;SÃƒO PAUL;5157;5804;5871;5260;4889;4145;3884;4127;5063;5059;5629;5960;6192
9800;-496.299;-20.846;Neves Paulista;Sede Municipal;SÃƒO PAUL;5153;5823;5874;5237;4875;4153;3875;4123;5037;5058;5627;5972;6178
9801;-49.521;-208.173;Mirassol;Sede Municipal;SÃƒO PAUL;5145;5853;5859;5203;4867;4116;3880;4137;5042;5064;5626;5944;6151
9803;-493.762;-208.118;Sï¿½ï¿½o Josï¿½ï¿½ do R;Sede Municipal;SÃƒO PAUL;5132;5754;5855;5185;4823;4104;3899;4140;5061;5104;5622;5905;6136
9804;-492.199;-20.795;Guapiaï¿½;Sede Municipal;SÃƒO PAUL;5144;5783;5858;5218;4851;4117;3921;4134;5070;5113;5592;5916;6158
9808;-488.058;-208.112;Severï¿½ï¿;Sede Municipal;SÃƒO PAUL;5161;5802;5960;5214;4862;4179;3939;4171;5073;5094;5581;5930;6126
9813;-483.318;-207.875;Terra Roxa;Sede Municipal;SÃƒO PAUL;5172;5846;6091;5245;4831;4215;3962;4194;5053;5034;5581;5851;6161
9818;-478.373;-207.701;Sales Oliveira;Sede Municipal;SÃƒO PAUL;5099;5691;5871;5081;4814;4213;3954;4182;5087;5061;5539;5731;5970
9962;-509.242;-206.877;Sud Mennucci;Sede Municipal;SÃƒO PAUL;5155;5888;5983;5388;4862;4098;3757;3992;4928;4940;5652;6028;6339
9966;-505.549;-20.686;Auriflama;Sede Municipal;SÃƒO PAUL;5186;5930;5951;5390;4887;4150;3869;4091;4977;5065;5650;5999;6272
9970;-501.449;-20.677;Floreal;Sede Municipal;SÃƒO PAUL;5158;5862;5911;5298;4865;4129;3887;4113;5002;5013;5630;5958;6228
9971;-50.044;-20.695;Nhandeara;Sede Municipal;SÃƒO PAUL;5142;5841;5886;5248;4883;4128;3879;4122;4980;5000;5622;5935;6176
9972;-499.254;-206.528;Sebastianï¿½ï¿½polis do;Sede Municipal;SÃƒO PAUL;5152;5823;5879;5253;4892;4145;3886;4148;5024;5026;5643;5941;6163
9976;-495.839;-20.735;Bï¿½ï¿½l;Sede Municipal;SÃƒO PAUL;5152;5843;5878;5196;4905;4154;3898;4144;5051;5077;5613;5907;6158
9978;-493.846;-206.562;Ipiguï¿;Sede Municipal;SÃƒO PAUL;5149;5773;5872;5201;4881;4136;3934;4150;5079;5086;5605;5931;6139
9982;-48.911;-207.371;Olï¿½ï¿½;Sede Municipal;SÃƒO PAUL;5161;5786;5989;5227;4854;4214;3947;4163;5087;5065;5588;5887;6124
9986;-485.391;-207.119;Colina;Sede Municipal;SÃƒO PAUL;5169;5854;6032;5225;4847;4220;3966;4190;5068;5061;5593;5832;6139
9987;-484.116;-206.889;Jaborandi;Sede Municipal;SÃƒO PAUL;5172;5824;6061;5216;4865;4234;3971;4203;5062;5042;5599;5818;6170
9991;-480.585;-207.293;Morro Agudo;Sede Municipal;SÃƒO PAUL;5145;5793;5999;5165;4835;4214;3966;4170;5078;5060;5547;5781;6130
9993;-478.856;-207.174;Orlï¿½ï¿½;Sede Municipal;SÃƒO PAUL;5110;5664;5913;5106;4818;4228;3963;4202;5134;5044;5542;5736;5964
9994;-477.433;-207.301;Nuporanga;Sede Municipal;SÃƒO PAUL;5118;5678;5931;5056;4909;4228;4013;4186;5112;5073;5545;5717;5967
10133;-515.067;-206.424;Itapura;Sede Municipal;SÃƒO PAUL;5141;5885;5966;5470;4873;4106;3785;3989;4904;4896;5550;5967;6305
10137;-511.127;-206.372;Pereira Barreto;Sede Municipal;SÃƒO PAUL;5164;5951;6011;5404;4900;4119;3738;3994;4936;4904;5618;6036;6354
10142;-506.619;-20.65;Guzolï¿½ï¿½;Sede Municipal;SÃƒO PAUL;5186;5853;6014;5347;4899;4154;3862;4092;5034;5063;5645;5982;6292
10145;-503.609;-20.648;General Salgado;Sede Municipal;SÃƒO PAUL;5177;5858;5947;5322;4902;4150;3891;4111;5028;5093;5614;5963;6242
10146;-502.259;-20.644;Magda;Sede Municipal;SÃƒO PAUL;5160;5861;5912;5315;4878;4139;3885;4110;5003;5067;5601;5943;6210
10152;-496.567;-206.233;Tanabi;Sede Municipal;SÃƒO PAUL;5155;5783;5862;5216;4927;4204;3904;4172;5067;5101;5607;5883;6137
10154;-494.639;-20.617;Mirassolï¿½ï¿½;Sede Municipal;SÃƒO PAUL;5156;5763;5886;5194;4930;4169;3943;4164;5082;5091;5611;5924;6117
10156;-492.953;-206.072;Onda Verde;Sede Municipal;SÃƒO PAUL;5150;5770;5914;5216;4921;4161;3940;4172;5043;5082;5586;5908;6095
10163;-485.702;-205.536;Barretos;Sede Municipal;SÃƒO PAUL;5175;5823;6035;5242;4874;4230;3967;4204;5097;5081;5594;5798;6157
10170;-478.597;-205.816;Sï¿½ï¿½o Joaquim da B;Sede Municipal;SÃƒO PAUL;5147;5733;5972;5138;4859;4234;3989;4256;5150;5117;5564;5727;6026
10172;-476.428;-20.594;Sï¿½ï¿½o Josï¿½ï¿½ da Be;Sede Municipal;SÃƒO PAUL;5109;5641;5875;5040;4880;4239;4006;4229;5212;5104;5509;5654;5920
10174;-474.837;-206.061;Restinga;Sede Municipal;SÃƒO PAUL;5068;5537;5759;4995;4833;4241;4046;4263;5222;5140;5474;5552;5760
10176;-472.198;-206.421;Itirapuï¿;Sede Municipal;SÃƒO PAUL;5066;5538;5788;4980;4825;4244;4042;4282;5237;5143;5476;5546;5688
10176;-472.805;-206.388;Patrocï¿½ï¿½nio Paul;Sede Municipal;SÃƒO PAUL;5066;5538;5788;4980;4825;4244;4042;4282;5237;5143;5476;5546;5688
10316;-510.272;-204.985;Suzanï¿½ï¿½p;Sede Municipal;SÃƒO PAUL;5194;5932;6051;5416;4917;4168;3829;4049;5010;4956;5647;6026;6328
10320;-506.102;-204.628;Dirce Reis;Sede Municipal;SÃƒO PAUL;5189;5820;5999;5337;4850;4156;3894;4128;5053;5078;5663;5968;6326
10323;-503.564;-205.115;Sï¿½ï¿½o Joï¿½ï¿½o de;Sede Municipal;SÃƒO PAUL;5171;5836;5925;5300;4894;4161;3909;4133;5027;5100;5622;5931;6219
10329;-497.779;-20.478;Cosmorama;Sede Municipal;SÃƒO PAUL;5173;5847;5885;5276;4929;4193;3932;4170;5069;5092;5611;5933;6142
10333;-493.127;-205.325;Nova Granada;Sede Municipal;SÃƒO PAUL;5159;5761;5882;5190;4940;4202;3932;4191;5089;5092;5605;5918;6109
10336;-490.589;-20.524;Altair;Sede Municipal;SÃƒO PAUL;5178;5811;6038;5219;4930;4221;3945;4177;5114;5091;5577;5837;6178
10337;-489.449;-20.499;Guaraci;Sede Municipal;SÃƒO PAUL;5200;5821;6119;5269;4930;4225;3944;4180;5107;5109;5626;5876;6200
10351;-475.908;-204.583;Ribeirï¿½ï¿½o Corr;Sede Municipal;SÃƒO PAUL;5106;5576;5803;5005;4865;4267;4079;4300;5252;5148;5477;5637;5865
10352;-474.043;-205.357;Franca;Sede Municipal;SÃƒO PAUL;5094;5566;5793;5019;4847;4268;4091;4283;5229;5159;5492;5581;5804
10491;-51.343;-204.331;Ilha Solteira;Sede Municipal;SÃƒO PAUL;5180;5859;6029;5494;4949;4169;3830;4024;4975;4905;5599;5980;6348
10495;-509.489;-20.386;Nova Canaï¿½ï¿½ Paul;Sede Municipal;SÃƒO PAUL;5218;5875;6043;5424;4958;4207;3839;4100;5041;5014;5686;6040;6383
10496;-508.229;-20.441;Marinï¿½ï¿½p;Sede Municipal;SÃƒO PAUL;5202;5851;5982;5367;4873;4195;3887;4109;5052;5061;5698;6008;6346
10496;-508.839;-204.492;Aparecida d'Oeste;Sede Municipal;SÃƒO PAUL;5202;5851;5982;5367;4873;4195;3887;4109;5052;5061;5698;6008;6346
10497;-507.011;-203.542;Sï¿½ï¿½o Franc;Sede Municipal;SÃƒO PAUL;5204;5850;5971;5355;4847;4193;3917;4128;5070;5099;5701;5993;6327
10497;-507.636;-204.152;Palmeira d'Oeste;Sede Municipal;SÃƒO PAUL;5204;5850;5971;5355;4847;4193;3917;4128;5070;5099;5701;5993;6327
10499;-505.229;-20.441;Pontalinda;Sede Municipal;SÃƒO PAUL;5182;5800;5916;5312;4885;4173;3914;4119;5037;5103;5666;5982;6281
10501;-503.796;-203.883;Sï¿½ï¿½o Joï¿½ï¿½o das Dua;Sede Municipal;SÃƒO PAUL;5186;5856;5949;5266;4883;4185;3926;4138;5060;5117;5632;5970;6248
10504;-500.893;-204.221;Valentim Gentil;Sede Municipal;SÃƒO PAUL;5170;5856;5912;5273;4909;4178;3903;4185;5042;5079;5601;5920;6187
10505;-499.785;-204.241;Votuporanga;Sede Municipal;SÃƒO PAUL;5182;5872;5911;5290;4916;4191;3937;4195;5047;5097;5607;5958;6168
10510;-494.313;-203.905;Palestina;Sede Municipal;SÃƒO PAUL;5160;5725;5845;5214;4999;4209;3934;4204;5116;5084;5590;5876;6123
10524;-480.133;-204.443;Ipuï¿;Sede Municipal;SÃƒO PAUL;5201;5837;6075;5156;4965;4292;4038;4288;5191;5101;5596;5762;6108
10526;-47.824;-204.306;Guarï¿;Sede Municipal;SÃƒO PAUL;5186;5778;6039;5174;4942;4296;4033;4256;5188;5146;5564;5751;6060
10530;-474.213;-20.404;Cristais Paulista;Sede Municipal;SÃƒO PAUL;5112;5562;5821;5027;4901;4286;4119;4347;5239;5176;5492;5563;5811
10677;-507.969;-20.253;Santana da Ponte Pensa;Sede Municipal;SÃƒO PAUL;5200;5803;5976;5368;4898;4211;3931;4150;5071;5074;5674;5964;6285
10679;-505.499;-202.677;Jales;Sede Municipal;SÃƒO PAUL;5191;5799;5904;5329;4889;4202;3933;4153;5074;5121;5677;5953;6263
10680;-504.009;-20.288;Estrela d'Oeste;Sede Municipal;SÃƒO PAUL;5189;5815;5911;5295;4911;4211;3948;4162;5090;5117;5642;5949;6216
10682;-502.475;-20.281;Fernandï¿½ï¿½p;Sede Municipal;SÃƒO PAUL;5186;5843;5943;5259;4890;4202;3930;4169;5054;5138;5630;5931;6242
10683;-501.821;-203.499;Meridiano;Sede Municipal;SÃƒO PAUL;5182;5799;5917;5263;4928;4214;3918;4198;5064;5137;5624;5903;6219
10684;-500.213;-203.024;Parisi;Sede Municipal;SÃƒO PAUL;5186;5824;5931;5295;4918;4227;3925;4201;5069;5118;5630;5905;6183
10685;-499.109;-20.321;ýýlvares Florence;Sede Municipal;SÃƒO PAUL;5194;5844;5934;5320;4920;4225;3933;4210;5069;5114;5655;5927;6181
10687;-497.319;-20.299;Amï¿½ï¿½rico de Ca;Sede Municipal;SÃƒO PAUL;5184;5849;5889;5279;4935;4237;3934;4197;5087;5104;5646;5892;6164
10693;-491.949;-20.342;Icï¿½;Sede Municipal;SÃƒO PAUL;5160;5785;6008;5238;4970;4203;3891;4189;5020;5026;5570;5827;6187
10701;-483.124;-203.201;Guaï¿½ï;Sede Municipal;SÃƒO PAUL;5219;5882;6070;5220;4972;4322;4027;4277;5110;5154;5598;5793;6205
10707;-477.906;-203.359;Ituverava;Sede Municipal;SÃƒO PAUL;5184;5687;5969;5189;4949;4296;4065;4314;5235;5159;5565;5722;6052
10709;-475.922;-20.312;Jeriquara;Sede Municipal;SÃƒO PAUL;5153;5591;5916;5119;4931;4331;4112;4359;5239;5191;5494;5629;5924
10710;-474.778;-202.539;Pedregulho;Sede Municipal;SÃƒO PAUL;5136;5603;5864;5075;4917;4304;4113;4370;5261;5187;5475;5588;5880
10854;-510.075;-201.764;Rubinï¿½ï;Sede Municipal;SÃƒO PAUL;5192;5785;6000;5492;4974;4211;3879;4084;4992;4929;5617;6014;6328
10855;-509.324;-202.087;Santa Fï¿½ï¿½ do;Sede Municipal;SÃƒO PAUL;5204;5823;6001;5478;4979;4195;3867;4100;4968;4979;5657;6038;6367
10856;-508.899;-20.235;Trï¿½ï¿½s Fronte;Sede Municipal;SÃƒO PAUL;5223;5796;5992;5407;4944;4230;3959;4168;5101;5078;5709;5993;6293
10857;-507.269;-20.159;Aspï¿½ï¿;Sede Municipal;SÃƒO PAUL;5208;5779;5991;5376;4902;4233;3977;4173;5090;5067;5691;5953;6265
10858;-506.459;-202.459;Urï¿½ï¿;Sede Municipal;SÃƒO PAUL;5199;5796;5929;5335;4882;4234;3962;4192;5111;5079;5680;5928;6262
10858;-506.879;-20.245;Santa Salete;Sede Municipal;SÃƒO PAUL;5199;5796;5929;5335;4882;4234;3962;4192;5111;5079;5680;5928;6262
10860;-504.839;-20.197;Vitï¿½ï¿½ria Br;Sede Municipal;SÃƒO PAUL;5186;5798;5889;5323;4902;4225;3942;4182;5115;5100;5642;5903;6204
10863;-501.099;-20.248;Pedranï¿½ï¿½p;Sede Municipal;SÃƒO PAUL;5204;5814;5970;5301;4937;4247;3960;4210;5089;5131;5672;5904;6212
10867;-49.702;-201.828;Pontes Gestal;Sede Municipal;SÃƒO PAUL;5188;5807;5910;5301;4929;4231;3937;4205;5106;5119;5646;5869;6191
10871;-493.509;-20.182;Orindiï¿½ï;Sede Municipal;SÃƒO PAUL;5176;5743;5921;5208;4990;4227;3971;4247;5127;5085;5563;5837;6195
10878;-486.869;-201.772;Colï¿½ï¿½;Sede Municipal;SÃƒO PAUL;5204;5859;6093;5252;5008;4274;3980;4263;5132;5103;5562;5759;6161
10884;-480.314;-201.801;Miguelï¿½ï¿½p;Sede Municipal;SÃƒO PAUL;5211;5775;6105;5222;5021;4336;4022;4304;5148;5099;5623;5782;6101
10887;-47.71;-201.916;Buritizal;Sede Municipal;SÃƒO PAUL;5195;5663;5988;5195;5013;4309;4098;4338;5241;5167;5584;5723;6019
11036;-509.279;-20.092;Santa Clara d'Oeste;Sede Municipal;SÃƒO PAUL;5194;5808;6009;5485;4965;4188;3859;4107;4979;4958;5635;6001;6338
11037;-508.329;-20.143;Santa Rita d'Oeste;Sede Municipal;SÃƒO PAUL;5217;5807;6006;5432;4932;4230;3952;4167;5056;5044;5686;5993;6301
11040;-505.129;-20.123;Dolcinï¿½ï¿½p;Sede Municipal;SÃƒO PAUL;5193;5790;5886;5338;4893;4242;3983;4183;5128;5097;5664;5880;6228
11040;-50.589;-201.052;Paranapuï¿;Sede Municipal;SÃƒO PAUL;5193;5790;5886;5338;4893;4242;3983;4183;5128;5097;5664;5880;6228
11041;-504.813;-200.516;Turmalina;Sede Municipal;SÃƒO PAUL;5185;5795;5886;5316;4905;4237;3966;4171;5107;5111;5646;5867;6210
11042;-503.415;-200.751;Guarani d'Oeste;Sede Municipal;SÃƒO PAUL;5200;5785;5987;5318;4941;4247;3973;4188;5093;5130;5663;5876;6194
11044;-501.939;-20.146;Macedï¿½ï¿;Sede Municipal;SÃƒO PAUL;5223;5843;6011;5333;4936;4267;3988;4245;5088;5136;5697;5915;6221
11046;-499.139;-20.082;Cardoso;Sede Municipal;SÃƒO PAUL;5213;5849;5977;5365;4930;4245;3923;4207;5045;5130;5709;5919;6257
11068;-477.876;-200.886;Aramina;Sede Municipal;SÃƒO PAUL;5202;5659;5973;5180;5044;4331;4117;4359;5276;5214;5626;5676;5965
11071;-474.295;-200.807;Rifaina;Sede Municipal;SÃƒO PAUL;5191;5671;5988;5143;4995;4363;4147;4401;5281;5185;5634;5613;5873
11217;-507.301;-200.316;Santa Albertina;Sede Municipal;SÃƒO PAUL;5203;5782;5991;5422;4921;4233;3972;4187;5062;5013;5669;5946;6240
11218;-50.617;-199.698;Mesï¿½ï¿½p;Sede Municipal;SÃƒO PAUL;5191;5816;5925;5390;4904;4238;3966;4156;5072;5043;5685;5875;6224
11221;-503.745;-199.975;Ouroeste;Sede Municipal;SÃƒO PAUL;5198;5772;5972;5318;4944;4264;3959;4199;5075;5116;5684;5904;6165
11222;-502.913;-199.794;Indiaporï¿;Sede Municipal;SÃƒO PAUL;5210;5797;6024;5355;4962;4266;3950;4203;5054;5099;5684;5927;6192
11223;-501.369;-19.979;Mira Estrela;Sede Municipal;SÃƒO PAUL;5222;5843;6057;5367;4950;4271;3927;4206;5043;5096;5715;5975;6216
11228;-496.811;-199.777;Riolï¿½ï¿½;Sede Municipal;SÃƒO PAUL;5178;5752;5948;5278;4972;4216;3953;4222;5094;5065;5617;5845;6169
11230;-494.004;-200.301;Paulo de Faria;Sede Municipal;SÃƒO PAUL;5170;5732;5954;5250;4993;4246;3943;4219;5107;5051;5571;5818;6157
11247;-47.747;-200.412;Igarapava;Sede Municipal;SÃƒO PAUL;5155;5573;5890;5101;5019;4343;4119;4387;5275;5179;5580;5572;5821
11399;-505.384;-199.458;Populina;Sede Municipal;SÃƒO PAUL;5185;5825;5944;5366;4915;4250;3969;4168;5068;5036;5675;5836;6165
